Worker,,IP address,Websites,AD1,AD2,AD3,AD4,AD5,AD6,AD7,AD8,AD9,AD10,AD11,AD12,AD13,AD14,AD15,AD16,AD17,AD18,AD19,AD20,AD21,AD22,AD23,AD24,AD25,AD26,AD27,AD28,AD29,AD30,AD31,AD32,AD33,AD34,AD35,AD36,AD37,AD38,AD39,AD40,AD41,AD42
Keilan Jansen,ON,,calculator-1,elements.envato.com,adobe.com,,,,,,,,,,,,,,,,,,,,,,,,,,,,,,,,,,,,,,,,
Keilan Jansen,ON,,engineeringtoolbox.com,pipeflow.co.uk,pipeflow.co.uk,,,,,,,,,,,,,,,,,,,,,,,,,,,,,,,,,,,,,,,,
Keilan Jansen,ON,,files-conversion,elements.envato.com,elements.envato.com,,,,,,,,,,,,,,,,,,,,,,,,,,,,,,,,,,,,,,,,
Keilan Jansen,ON,,Gmail ,workspace.google.com,,,,,,,,,,,,,,,,,,,,,,,,,,,,,,,,,,,,,,,,,
Keilan Jansen,ON,,imgbb.com,elements.envato.com,outsystems.com,outsystems.com,parksystems.com/products/small-sample-afm/park-fx40,,,,,,,,,,,,,,,,,,,,,,,,,,,,,,,,,,,,,,
Keilan Jansen,ON,,onlinerekenmachine,elements.envato.com,genshin.mihoyo.com,genshin.mihoyo.com,,,,,,,,,,,,,,,,,,,,,,,,,,,,,,,,,,,,,,,
Keilan Jansen,ON,,web2.0calc,overthereality.ai,,,,,,,,,,,,,,,,,,,,,,,,,,,,,,,,,,,,,,,,,
Keilan Jansen,ON,,Worldometers.info,genshin.mihoyo.com,genshin.mihoyo.com,adobe.com,adobe.com,,,,,,,,,,,,,,,,,,,,,,,,,,,,,,,,,,,,,,
Keilan Jansen,OFF,,calculator-1,elements.envato.com,adobe.com,comarch.com,nielseniq.com,genshin.mihoyo.com,circle.com,uniqlo.com,,,,,,,,,,,,,,,,,,,,,,,,,,,,,,,,,,,
Keilan Jansen,OFF,,engineeringtoolbox.com,pipeflow.co.uk,pipeflow.co.uk,afxholdings.com,uniqlo.com,passatltd.com,zegaz.com,,,,,,,,,,,,,,,,,,,,,,,,,,,,,,,,,,,,
Keilan Jansen,OFF,,files-conversion,elements.envato.com,elements.envato.com,elements.envato.com,elements.envato.com,elements.envato.com,elements.envato.com,,,,,,,,,,,,,,,,,,,,,,,,,,,,,,,,,,,,
Keilan Jansen,OFF,,Gmail ,workspace.google.com,,,,,,,,,,,,,,,,,,,,,,,,,,,,,,,,,,,,,,,,,
Keilan Jansen,OFF,,imgbb.com,elements.envato.com,outsystems.com,outsystems.com,parksystems.com/products/small-sample-afm/park-fx40,binance.com/en/nft,binance.com/en/nft,binance.com/en/nft,binance.com/en/nft,,,,,,,,,,,,,,,,,,,,,,,,,,,,,,,,,,
Keilan Jansen,OFF,,onlinerekenmachine,elements.envato.com,genshin.mihoyo.com,genshin.mihoyo.com,genshin.mihoyo.com,genshin.mihoyo.com,xm.com,genshin.mihoyo.com,genshin.mihoyo.com,genshin.mihoyo.com,,,,,,,,,,,,,,,,,,,,,,,,,,,,,,,,,
Keilan Jansen,OFF,,web2.0calc,overthereality.ai,genshin.mihoyo.com,genshin.mihoyo.com,,,,,,,,,,,,,,,,,,,,,,,,,,,,,,,,,,,,,,,
Keilan Jansen,OFF,,Worldometers.info,adobe.com,adobe.com,genshin.mihoyo.com,genshin.mihoyo.com,xm.com,genshin.mihoyo.com,genshin.mihoyo.com,xm.com,xm.com,loginextsolutions.com,,,,,,,,,,,,,,,,,,,,,,,,,,,,,,,,
Elrusso,ON,,calculator-1,overthereality.ai,overthereality.ai,binance.com/en/nft,overthereality.ai,overthereality.ai,overthereality.ai,binance.com/en/nft,,,,,,,,,,,,,,,,,,,,,,,,,,,,,,,,,,,
Elrusso,ON,,engineeringtoolbox.com,pipeflow.co.uk,mokotechnology.com,pipeflow.co.uk,pipeflow.co.uk,pipeflow.co.uk,binance.com/en/nft,pipeflow.co.uk,pipeflow.co.uk,binance.com/en/nft,,,,,,,,,,,,,,,,,,,,,,,,,,,,,,,,,
Elrusso,ON,,files-conversion,elements.envato.com,elements.envato.com,elements.envato.com,elements.envato.com,elements.envato.com,elements.envato.com,,,,,,,,,,,,,,,,,,,,,,,,,,,,,,,,,,,,
Elrusso,ON,,Gmail ,facephi.com,ied.es,banesco.com,made-in-china.com,,,,,,,,,,,,,,,,,,,,,,,,,,,,,,,,,,,,,,
Elrusso,ON,,imgbb.com,binance.com/en/nft,binance.com/en/nft,binance.com/en/nft,binance.com/en/nft,binance.com/en/nft,binance.com/en/nft,binance.com/en/nft,binance.com/en/nft,binance.com/en/nft,binance.com/en/nft,binance.com/en/nft,binance.com/en/nft,,,,,,,,,,,,,,,,,,,,,,,,,,,,,,
Elrusso,ON,,onlinerekenmachine,binance.com/en/nft,binance.com/en/nft,binance.com/en/nft,binance.com/en/nft,binance.com/en/nft,quickbooks.intuit.com,binance.com/en/nft,binance.com/en/nft,economybookings.com,,,,,,,,,,,,,,,,,,,,,,,,,,,,,,,,,
Elrusso,ON,,web2.0calc,binance.com/en/nft,slickdeals.net,binance.com/en/nft,cellsignal.com,cellsignal.com,cellsignal.com,,,,,,,,,,,,,,,,,,,,,,,,,,,,,,,,,,,,
Elrusso,ON,,Worldometers.info,wiautomation.com,wiautomation.com,wiautomation.com,binance.com/en/nft,binance.com/en/nft,binance.com/en/nft,binance.com/en/nft,binance.com/en/nft,binance.com/en/nft,binance.com/en/nft,binance.com/en/nft,www.e-iceblue.com,,,,,,,,,,,,,,,,,,,,,,,,,,,,,,
Elrusso,OFF,,calculator-1,overthereality.ai,overthereality.ai,overthereality.ai,overthereality.ai,overthereality.ai,overthereality.ai,overthereality.ai,overthereality.ai,overthereality.ai,,,,,,,,,,,,,,,,,,,,,,,,,,,,,,,,,
Elrusso,OFF,,engineeringtoolbox.com,binance.com/en/nft,pipeflow.co.uk,ramehart.com,pipeflow.co.uk,pipeflow.co.uk,pipeflow.co.uk,pipeflow.co.uk,pipeflow.co.uk,binance.com/en/nft,,,,,,,,,,,,,,,,,,,,,,,,,,,,,,,,,
Elrusso,OFF,,files-conversion,elements.envato.com,lg.com,elements.envato.com,elements.envato.com,elements.envato.com,elements.envato.com,,,,,,,,,,,,,,,,,,,,,,,,,,,,,,,,,,,,
Elrusso,OFF,,Gmail ,facephi.com,ied.es,banesco.com,facebook.com,,,,,,,,,,,,,,,,,,,,,,,,,,,,,,,,,,,,,,
Elrusso,OFF,,imgbb.com,binance.com/en/nft,binance.com/en/nft,binance.com/en/nft,binance.com/en/nft,binance.com/en/nft,binance.com/en/nft,binance.com/en/nft,binance.com/en/nft,binance.com/en/nft,binance.com/en/nft,binance.com/en/nft,binance.com/en/nft,,,,,,,,,,,,,,,,,,,,,,,,,,,,,,
Elrusso,OFF,,onlinerekenmachine,overthereality.ai,binance.com/en/nft,hindawi.com,hindawi.com,hindawi.com,binance.com/en/nft,economybookings.com,pvisoftware.com,andela.com,,,,,,,,,,,,,,,,,,,,,,,,,,,,,,,,,
Elrusso,OFF,,web2.0calc,cellsignal.com,virtuosity.bentley.com,cellsignal.com,virtuosity.bentley.com,virtuosity.bentley.com,pvisoftware.com,,,,,,,,,,,,,,,,,,,,,,,,,,,,,,,,,,,,
Elrusso,OFF,,Worldometers.info,binance.com/en/nft,binance.com/en/nft,binance.com/en/nft,binance.com/en/nft,binance.com/en/nft,binance.com/en/nft,binance.com/en/nft,virtuosity.bentley.com,binance.com/en/nft,binance.com/en/nft,binance.com/en/nft,virtuosity.bentley.com,,,,,,,,,,,,,,,,,,,,,,,,,,,,,,
stalerozero1,ON,,calculator-1,xm.com,xm.com,palmolive.com,xm.com,xm.com,xm.com,xm.com,office.com,,,,,,,,,,,,,,,,,,,,,,,,,,,,,,,,,,
stalerozero1,ON,,engineeringtoolbox.com,aws.amazon.com,xm.com,hersheyland.com,aws.amazon.com,xm.com,godaddy.com,aws.amazon.com,xm.com,godaddy.com,,,,,,,,,,,,,,,,,,,,,,,,,,,,,,,,,
stalerozero1,ON,,files-conversion,genshin.mihoyo.com,xm.com,hersheyland.com,xm.com,hersheyland.com,xm.com,,,,,,,,,,,,,,,,,,,,,,,,,,,,,,,,,,,,
stalerozero1,ON,,Gmail ,citi.com,tiktok.com,youtube.com,arizona.edu,,,,,,,,,,,,,,,,,,,,,,,,,,,,,,,,,,,,,,
stalerozero1,ON,,imgbb.com,xm.com,xm.com,xm.com,xm.com,xm.com,xm.com,xm.com,xm.com,xm.com,xm.com,xm.com,xm.com,,,,,,,,,,,,,,,,,,,,,,,,,,,,,,
stalerozero1,ON,,iplocation.net,xm.com,xm.com,xm.com,,,,,,,,,,,,,,,,,,,,,,,,,,,,,,,,,,,,,,,
stalerozero1,ON,,onlinerekenmachine,xm.com,xm.com,genshin.mihoyo.com,xm.com,xm.com,godaddy.com,xm.com,xm.com,,,,,,,,,,,,,,,,,,,,,,,,,,,,,,,,,,
stalerozero1,ON,,web2.0calc,xm.com,office.com,arlausa.com,xm.com,office.com,cherokee.org,xm.com,office.com,mccormick.com,,,,,,,,,,,,,,,,,,,,,,,,,,,,,,,,,
stalerozero1,ON,,Worldometers.info,xm.com,xm.com,xm.com,hrblock.com,xm.com,xm.com,xm.com,hrblock.com,xm.com,xm.com,xm.com,hrblock.com,,,,,,,,,,,,,,,,,,,,,,,,,,,,,,
stalerozero1,OFF,,calculator-1,stemcell.com,zulily.com,zulily.com,stemcell.com,zulily.com,gldenbull.com,xm.com,gldenbull.com,globe.com.ph,,,,,,,,,,,,,,,,,,,,,,,,,,,,,,,,,
stalerozero1,OFF,,engineeringtoolbox.com,merck.com,merck.com,peptide.com,peptide.com,peptide.com,singular.net,pipeflow.co.uk,pipeflow.co.uk,pipeflow.co.uk,,,,,,,,,,,,,,,,,,,,,,,,,,,,,,,,,
stalerozero1,OFF,,files-conversion,atlassian.com,adobe.com,adobe.com,xdefi.io,adobe.com,grammarly.com,,,,,,,,,,,,,,,,,,,,,,,,,,,,,,,,,,,,
stalerozero1,OFF,,Gmail ,citi.com,securitybank.com,grammarly.com,metrobank.com.ph,,,,,,,,,,,,,,,,,,,,,,,,,,,,,,,,,,,,,,
stalerozero1,OFF,,imgbb.com,hrblock.com,hrblock.com,godaddy.com,adobe.com,adobe.com,binance.com/en/nft,investhk.gov.hk,godaddy.com,adobe.com,adobe.com,alibabacloud.com,,,,,,,,,,,,,,,,,,,,,,,,,,,,,,,
stalerozero1,OFF,,onlinerekenmachine,genshin.mihoyo.com,genshin.mihoyo.com,trianglemicroworks.com,genshin.mihoyo.com,xm.com,godaddy.com,xm.com,office.com,,,,,,,,,,,,,,,,,,,,,,,,,,,,,,,,,,
stalerozero1,OFF,,web2.0calc,office.com,office.com,canva.com,office.com,office.com,nike.com,jpmorganchase.com,canva.com,jpmorganchase.com,,,,,,,,,,,,,,,,,,,,,,,,,,,,,,,,,
stalerozero1,OFF,,Worldometers.info,takeielts.britishcouncil.org,xm.com,lixil.com,difflam.com,lixil.com,difflam.com,takeielts.britishcouncil.org,cebupacificair.com,genshin.mihoyo.com,difflam.com,adobe.com,canva.com,,,,,,,,,,,,,,,,,,,,,,,,,,,,,,
MariaPh,ON,,calculator-1,uniqlo.com,uniqlo.com,thegoodmeat.ph,uniqlo.com,uniqlo.com,office.com,uniqlo.com,uniqlo.com,stemcell.com,,,,,,,,,,,,,,,,,,,,,,,,,,,,,,,,,
MariaPh,ON,,engineeringtoolbox.com,lazada.com,merck.com,honda.com,uniqlo.com,adobe.com,pipeflow.co.uk,uniqlo.com,adobe.com,pipeflow.co.uk,,,,,,,,,,,,,,,,,,,,,,,,,,,,,,,,,
MariaPh,ON,,files-conversion,grammarly.com,uniqlo.com,grammarly.com,thegoodmeat.ph,atlassian.com,lazada.com,,,,,,,,,,,,,,,,,,,,,,,,,,,,,,,,,,,,
MariaPh,ON,,Gmail ,globalsources.com,redhat.com,grammarly.com,ucanwest.ca,,,,,,,,,,,,,,,,,,,,,,,,,,,,,,,,,,,,,,
MariaPh,ON,,imgbb.com,hrblock.com,hrblock.com,hrblock.com,uniqlo.com,hrblock.com,hrblock.com,hrblock.com,gldenbull.com,hrblock.com,hrblock.com,hrblock.com,uniqlo.com,,,,,,,,,,,,,,,,,,,,,,,,,,,,,,
MariaPh,ON,,iplocation.net,takeielts.britishcouncil.org,landers.ph,samsung.com,,,,,,,,,,,,,,,,,,,,,,,,,,,,,,,,,,,,,,,
MariaPh,ON,,onlinerekenmachine,myra.com.ph,myra.com.ph,myra.com.ph,lazada.com,philips.com,kingston.com,lazada.com,kingston.com,adobe.com,,,,,,,,,,,,,,,,,,,,,,,,,,,,,,,,,
MariaPh,ON,,web2.0calc,mrdiy.com,mrdiy.com,mrdiy.com,mrdiy.com,smdc.com,,,,,,,,,,,,,,,,,,,,,,,,,,,,,,,,,,,,,
MariaPh,ON,,Worldometers.info,lazada.com,lazada.com,cmp-micro.com,cmp-micro.com,lazada.com,lazada.com,smdc.com,cmp-micro.com,lazada.com,uniqlo.com,workable.com,,,,,,,,,,,,,,,,,,,,,,,,,,,,,,,
MariaPh,OFF,,calculator-1,uniqlo.com,uniqlo.com,crowdstrike.com,uniqlo.com,uniqlo.com,landers.ph,uniqlo.com,uniqlo.com,landers.ph,,,,,,,,,,,,,,,,,,,,,,,,,,,,,,,,,
MariaPh,OFF,,engineeringtoolbox.com,lazada.com,uniqlo.com,pipeflow.co.uk,pipeflow.co.uk,pipeflow.co.uk,uniqlo.com,lazada.com,uniqlo.com,pipeflow.co.uk,,,,,,,,,,,,,,,,,,,,,,,,,,,,,,,,,
MariaPh,OFF,,files-conversion,uniqlo.com,filmora.wondershare.com,uniqlo.com,filmora.wondershare.com,grammarly.com,uniqlo.com,,,,,,,,,,,,,,,,,,,,,,,,,,,,,,,,,,,,
MariaPh,OFF,,Gmail ,citi.com,securitybank.com,,,,,,,,,,,,,,,,,,,,,,,,,,,,,,,,,,,,,,,,
MariaPh,OFF,,imgbb.com,landers.ph,landers.ph,uniqlo.com,uniqlo.com,landers.ph,honda.com,uniqlo.com,landers.ph,landers.ph,,,,,,,,,,,,,,,,,,,,,,,,,,,,,,,,,
MariaPh,OFF,,onlinerekenmachine,genshin.mihoyo.com,genshin.mihoyo.com,gldenbull.com,gldenbull.com,genshin.mihoyo.com,xm.com,xm.com,xm.com,nescafe.com,,,,,,,,,,,,,,,,,,,,,,,,,,,,,,,,,
MariaPh,OFF,,web2.0calc,uniqlo.com,stemcell.com,uniqlo.com,stemcell.com,uniqlo.com,stemcell.com,,,,,,,,,,,,,,,,,,,,,,,,,,,,,,,,,,,,
MariaPh,OFF,,Worldometers.info,xm.com,cmp-micro.com,binance.com/en/nft,cmp-micro.com,xm.com,binance.com/en/nft,landers.ph,binance.com/en/nft,shoreagents.com,arizona.edu,,,,,,,,,,,,,,,,,,,,,,,,,,,,,,,,
nick_wilde,ON,,calculator-1,binance.com/en/nft,binance.com/en/nft,binance.com/en/nft,binance.com/en/nft,binance.com/en/nft,rotman.utoronto.ca,,,,,,,,,,,,,,,,,,,,,,,,,,,,,,,,,,,,
nick_wilde,ON,,engineeringtoolbox.com,mokotechnology.com,mokotechnology.com,mokotechnology.com,mokotechnology.com,mokotechnology.com,mokotechnology.com,,,,,,,,,,,,,,,,,,,,,,,,,,,,,,,,,,,,
nick_wilde,ON,,files-conversion,binance.com/en/nft,binance.com/en/nft,,,,,,,,,,,,,,,,,,,,,,,,,,,,,,,,,,,,,,,,
nick_wilde,ON,,Gmail ,ied.es,uxcam.com,youtube.com,facebook.com,,,,,,,,,,,,,,,,,,,,,,,,,,,,,,,,,,,,,,
nick_wilde,ON,,imgbb.com,alibabacloud.com,binance.com/en/nft,godaddy.com,alibabacloud.com,godaddy.com,godaddy.com,binance.com/en/nft,alibabacloud.com,godaddy.com,godaddy.com,binance.com/en/nft,,,,,,,,,,,,,,,,,,,,,,,,,,,,,,,
nick_wilde,ON,,iplocation.net,,,,,,,,,,,,,,,,,,,,,,,,,,,,,,,,,,,,,,,,,,
nick_wilde,ON,,onlinerekenmachine,luna.is.com,binance.com/en/nft,binance.com/en/nft,binance.com/en/nft,binance.com/en/nft,,,,,,,,,,,,,,,,,,,,,,,,,,,,,,,,,,,,,
nick_wilde,ON,,web2.0calc,rotman.utoronto.ca,cellsignal.com,cellsignal.com,daynvegas2022.com,davidbowie.com,,,,,,,,,,,,,,,,,,,,,,,,,,,,,,,,,,,,,
nick_wilde,ON,,Worldometers.info,binance.com/en/nft,binance.com/en/nft,binance.com/en/nft,binance.com/en/nft,binance.com/en/nft,binance.com/en/nft,daynvegas2022.com,binance.com/en/nft,binance.com/en/nft,binance.com/en/nft,,,,,,,,,,,,,,,,,,,,,,,,,,,,,,,,
nick_wilde,OFF,,calculator-1,socofy.com,oxywise.com,socofy.com,hindawi.com,socofy.com,socofy.com,,,,,,,,,,,,,,,,,,,,,,,,,,,,,,,,,,,,
nick_wilde,OFF,,engineeringtoolbox.com,binance.com/en/nft,pipeflow.co.uk,binance.com/en/nft,pipeflow.co.uk,binance.com/en/nft,pipeflow.co.uk,,,,,,,,,,,,,,,,,,,,,,,,,,,,,,,,,,,,
nick_wilde,OFF,,files-conversion,binance.com/en/nft,binance.com/en/nft,binance.com/en/nft,binance.com/en/nft,binance.com/en/nft,binance.com/en/nft,,,,,,,,,,,,,,,,,,,,,,,,,,,,,,,,,,,,
nick_wilde,OFF,,Gmail ,made-in-china.com,uxcam.com,fisherinvestments.com,estudiareneeuu.com,,,,,,,,,,,,,,,,,,,,,,,,,,,,,,,,,,,,,,
nick_wilde,OFF,,imgbb.com,binance.com/en/nft,binance.com/en/nft,binance.com/en/nft,binance.com/en/nft,binance.com/en/nft,binance.com/en/nft,binance.com/en/nft,binance.com/en/nft,binance.com/en/nft,binance.com/en/nft,binance.com/en/nft,binance.com/en/nft,,,,,,,,,,,,,,,,,,,,,,,,,,,,,,
nick_wilde,OFF,,onlinerekenmachine,binance.com/en/nft,binance.com/en/nft,premiumbeat.com,binance.com/en/nft,alpapowder.com,barcelonatechnologyschool.com,binance.com/en/nft,mercadolibre.com,oxywise.com,,,,,,,,,,,,,,,,,,,,,,,,,,,,,,,,,
nick_wilde,OFF,,web2.0calc,cellsignal.com,cellsignal.com,,,,,,,,,,,,,,,,,,,,,,,,,,,,,,,,,,,,,,,,
nick_wilde,OFF,,Worldometers.info,binance.com/en/nft,binance.com/en/nft,binance.com/en/nft,binance.com/en/nft,binance.com/en/nft,binance.com/en/nft,binance.com/en/nft,binance.com/en/nft,binance.com/en/nft,binance.com/en/nft,binance.com/en/nft,,,,,,,,,,,,,,,,,,,,,,,,,,,,,,,
Raphael Sccoffield,ON,,calculator-1,bosch-professional.com,inspiration.org,bosch-professional.com,bosch-professional.com,binance.com/en/nft,bosch-professional.com,bosch-professional.com,,,,,,,,,,,,,,,,,,,,,,,,,,,,,,,,,,,
Raphael Sccoffield,ON,,engineeringtoolbox.com,pipeflow.co.uk,pipeflow.co.uk,pipeflow.co.uk,pipeflow.co.uk,pipeflow.co.uk,pipeflow.co.uk,pipeflow.co.uk,pipeflow.co.uk,pipeflow.co.uk,hardoxwearparts.com,,,,,,,,,,,,,,,,,,,,,,,,,,,,,,,,
Raphael Sccoffield,ON,,files-conversion,elements.envato.com,showmax.com,elements.envato.com,sc.com,elements.envato.com,elements.envato.com,,,,,,,,,,,,,,,,,,,,,,,,,,,,,,,,,,,,
Raphael Sccoffield,ON,,Gmail ,fatcoupon.com,,,,,,,,,,,,,,,,,,,,,,,,,,,,,,,,,,,,,,,,,
Raphael Sccoffield,ON,,imgbb.com,grammarly.com,grammarly.com,grammarly.com,binance.com/en/nft,binance.com/en/nft,binance.com/en/nft,gldenbull.com,gldenbull.com,coomeet.com,,,,,,,,,,,,,,,,,,,,,,,,,,,,,,,,,
Raphael Sccoffield,ON,,iplocation.net,deriv.com,deriv.com,deriv.com,grundfos.com,,,,,,,,,,,,,,,,,,,,,,,,,,,,,,,,,,,,,,
Raphael Sccoffield,ON,,onlinerekenmachine,sandbox.game,grundfos.com,grammarly.com,sandbox.game,grundfos.com,grammarly.com,grammarly.com,grammarly.com,icewarp.com,,,,,,,,,,,,,,,,,,,,,,,,,,,,,,,,,
Raphael Sccoffield,ON,,web2.0calc,grammarly.com,buyrentkenya.com,elegantthemes.com/gallery/divi/,,,,,,,,,,,,,,,,,,,,,,,,,,,,,,,,,,,,,,,
Raphael Sccoffield,ON,,Worldometers.info,binance.com/en/nft,gldenbull.com,byon8.com,byon8.com,byon8.com,byon8.com,hotjar.com,simplemdm.com,test-iq.org,byon8.com,binance.com/en/nft,inspiration.org,astromary.com,mpowerfinancing.com,byon8.com,ixl.com,atlismotorvehicles.com,gldenbull.com,test-iq.org,hotjar.com,hotjar.com,byon8.com,astromary.com,inspiration.org,mpowerfinancing.com,coomeet.com,binance.com/en/nft,atlismotorvehicles.com,byon8.com,ixl.com,atlismotorvehicles.com,gldenbull.com,byon8.com,hotjar.com,hotjar.com,astromary.com,inspiration.org,byon8.com,atlismotorvehicles.com,coomeet.com,binance.com/en/nft,mpowerfinancing.com
Raphael Sccoffield,OFF,,calculator-1,buyrentkenya.com,binance.com/en/nft,paessler.com,mydawa.com,paessler.com,bosch-professional.com,bosch-professional.com,,,,,,,,,,,,,,,,,,,,,,,,,,,,,,,,,,,
Raphael Sccoffield,OFF,,engineeringtoolbox.com,binance.com/en/nft,pipeflow.co.uk,paessler.com,pipeflow.co.uk,pipeflow.co.uk,pipeflow.co.uk,pipeflow.co.uk,pipeflow.co.uk,binance.com/en/nft,,,,,,,,,,,,,,,,,,,,,,,,,,,,,,,,,
Raphael Sccoffield,OFF,,files-conversion,elements.envato.com,elements.envato.com,elements.envato.com,paessler.com,elements.envato.com,,,,,,,,,,,,,,,,,,,,,,,,,,,,,,,,,,,,,
Raphael Sccoffield,OFF,,Gmail ,unicaf.org,,,,,,,,,,,,,,,,,,,,,,,,,,,,,,,,,,,,,,,,,
Raphael Sccoffield,OFF,,imgbb.com,binance.com/en/nft,binance.com/en/nft,binance.com/en/nft,binance.com/en/nft,binance.com/en/nft,binance.com/en/nft,binance.com/en/nft,binance.com/en/nft,binance.com/en/nft,binance.com/en/nft,binance.com/en/nft,telkom.co.ke/t-kash/,,,,,,,,,,,,,,,,,,,,,,,,,,,,,,
Raphael Sccoffield,OFF,,onlinerekenmachine,ads.google.com,fifa.com,fifa.com,mydawa.com,grammarly.com,grammarly.com,grammarly.com,grammarly.com,elements.envato.com,,,,,,,,,,,,,,,,,,,,,,,,,,,,,,,,,
Raphael Sccoffield,OFF,,web2.0calc,grammarly.com,mydawa.com,buyrentkenya.com,cm.com,,,,,,,,,,,,,,,,,,,,,,,,,,,,,,,,,,,,,,
Raphael Sccoffield,OFF,,Worldometers.info,byon8.com,buyrentkenya.com,hotjar.com,hotjar.com,buyrentkenya.com,binance.com/en/nft,economist.com,,,,,,,,,,,,,,,,,,,,,,,,,,,,,,,,,,,
ZanderNavarez,ON,,calculator-1,artizanjoyeria.com,shangri-la.com,artizanjoyeria.com,artizanjoyeria.com,shangri-la.com,artizanjoyeria.com,artizanjoyeria.com,singular.net,,,,,,,,,,,,,,,,,,,,,,,,,,,,,,,,,,
ZanderNavarez,ON,,engineeringtoolbox.com,aws.amazon.com,merck.com,pipeflow.co.uk,aws.amazon.com,merck.com,pipeflow.co.uk,aws.amazon.com,merck.com,,,,,,,,,,,,,,,,,,,,,,,,,,,,,,,,,,
ZanderNavarez,ON,,files-conversion,tendercare.ph,adobe.com,adobe.com,,,,,,,,,,,,,,,,,,,,,,,,,,,,,,,,,,,,,,,
ZanderNavarez,ON,,Gmail ,porsche.com,philippineairlines.com,citi.com,tiktok.com,,,,,,,,,,,,,,,,,,,,,,,,,,,,,,,,,,,,,,
ZanderNavarez,ON,,imgbb.com,pascuallab.com/products/brands/ascof-lagundi,pascuallab.com/products/brands/ascof-lagundi,adobe.com,adobe.com,landers.ph,prifood.com.ph,prifood.com.ph,prifood.com.ph,adobe.com,adobe.com,landers.ph,binance.com/en/nft,,,,,,,,,,,,,,,,,,,,,,,,,,,,,,
ZanderNavarez,ON,,iplocation.net,,,,,,,,,,,,,,,,,,,,,,,,,,,,,,,,,,,,,,,,,,
ZanderNavarez,ON,,onlinerekenmachine,photomath.com,hytera.com,semrush.com,semrush.com,semrush.com,binance.com/en/nft,semrush.com,,,,,,,,,,,,,,,,,,,,,,,,,,,,,,,,,,,
ZanderNavarez,ON,,web2.0calc,artizanjoyeria.com,kitchenomics.com,artizanjoyeria.com,kitchenomics.com,artizanjoyeria.com,singular.net,,,,,,,,,,,,,,,,,,,,,,,,,,,,,,,,,,,,
ZanderNavarez,ON,,Worldometers.info,hrblock.com,hrblock.com,hrblock.com,artizanjoyeria.com,hrblock.com,hrblock.com,hrblock.com,binance.com/en/nft,binance.com/en/nft,binance.com/en/nft,adobe.com,mcdonalds.com,,,,,,,,,,,,,,,,,,,,,,,,,,,,,,
ZanderNavarez,OFF,,calculator-1,asianvision.com.ph,asianvision.com.ph,artizanjoyeria.com,asianvision.com.ph,asianvision.com.ph,artizanjoyeria.com,asianvision.com.ph,asianvision.com.ph,artizanjoyeria.com,,,,,,,,,,,,,,,,,,,,,,,,,,,,,,,,,
ZanderNavarez,OFF,,engineeringtoolbox.com,pipeflow.co.uk,asianvision.com.ph,pipeflow.co.uk,asianvision.com.ph,uniqlo.com,pipeflow.co.uk,asianvision.com.ph,shopping.myus.com,,,,,,,,,,,,,,,,,,,,,,,,,,,,,,,,,,
ZanderNavarez,OFF,,files-conversion,binance.com/en/nft,binance.com/en/nft,exitlag.com,exitlag.com,exitlag.com,,,,,,,,,,,,,,,,,,,,,,,,,,,,,,,,,,,,,
ZanderNavarez,OFF,,Gmail ,citi.com,lovebonito.com,letmedate.com,metrobank.com.ph,,,,,,,,,,,,,,,,,,,,,,,,,,,,,,,,,,,,,,
ZanderNavarez,OFF,,imgbb.com,exitlag.com,landers.ph,landers.ph,binance.com/en/nft,exitlag.com,shangri-la.com,exitlag.com,exitlag.com,exitlag.com,exitlag.com,exitlag.com,landers.ph,,,,,,,,,,,,,,,,,,,,,,,,,,,,,,
ZanderNavarez,OFF,,onlinerekenmachine,exitlag.com,exitlag.com,exitlag.com,comarch.com,lovebonito.com,lovebonito.com,exitlag.com,exitlag.com,exitlag.com,,,,,,,,,,,,,,,,,,,,,,,,,,,,,,,,,
ZanderNavarez,OFF,,web2.0calc,zulily.com,shangri-la.com,zulily.com,shangri-la.com,exitlag.com,virtuosity.bentley.com,,,,,,,,,,,,,,,,,,,,,,,,,,,,,,,,,,,,
ZanderNavarez,OFF,,Worldometers.info,binance.com/en/nft,binance.com/en/nft,gehealthcare.com,binance.com/en/nft,binance.com/en/nft,binance.com/en/nft,binance.com/en/nft,binance.com/en/nft,shangri-la.com,,,,,,,,,,,,,,,,,,,,,,,,,,,,,,,,,
Member_1211479701,ON,,calculator-1,cloud.google.com,adobe.com,adobe.com,adobe.com,adobe.com,adobe.com,cloud.google.com,,,,,,,,,,,,,,,,,,,,,,,,,,,,,,,,,,,
Member_1211479701,ON,,engineeringtoolbox.com,takeielts.britishcouncil.org,darlie.com.my,godaddy.com,adobe.com,tek.com,godaddy.com,tek.com,518.com.tw,,,,,,,,,,,,,,,,,,,,,,,,,,,,,,,,,,
Member_1211479701,ON,,files-conversion,cloud.google.com,adobe.com,peergroup.com,adobe.com,peergroup.com,adobe.com,,,,,,,,,,,,,,,,,,,,,,,,,,,,,,,,,,,,
Member_1211479701,ON,,Gmail ,disneyplus.com,everrichtohome.com,daikenshop.com,,,,,,,,,,,,,,,,,,,,,,,,,,,,,,,,,,,,,,,
Member_1211479701,ON,,imgbb.com,wix.com,americanexpress.com,shop.pxmart.com.tw,americanexpress.com,wix.com,americanexpress.com,shop.pxmart.com.tw,shutterstock.com,wix.com,americanexpress.com,shop.pxmart.com.tw,shutterstock.com,,,,,,,,,,,,,,,,,,,,,,,,,,,,,,
Member_1211479701,ON,,iplocation.net,adobe.com,group.sagepub.com,sensodyne.com.tw,,,,,,,,,,,,,,,,,,,,,,,,,,,,,,,,,,,,,,,
Member_1211479701,ON,,onlinerekenmachine,godaddy.com,godaddy.com,gameyoungerdns.com,,,,,,,,,,,,,,,,,,,,,,,,,,,,,,,,,,,,,,,
Member_1211479701,ON,,web2.0calc,office.com,office.com,office.com,office.com,office.com,office.com,,,,,,,,,,,,,,,,,,,,,,,,,,,,,,,,,,,,
Member_1211479701,ON,,Worldometers.info,takeielts.britishcouncil.org,eu.4game.com/en/rf/,eu.4game.com/en/rf/,eu.4game.com/en/rf/,gameyoungerdns.com,gameyoungerdns.com,gameyoungerdns.com,,,,,,,,,,,,,,,,,,,,,,,,,,,,,,,,,,,
Member_1211479701,OFF,,calculator-1,crowdstrike.com,samsung.com,crowdstrike.com,crowdstrike.com,samsung.com,crowdstrike.com,samsung.com,,,,,,,,,,,,,,,,,,,,,,,,,,,,,,,,,,,
Member_1211479701,OFF,,engineeringtoolbox.com,pipeflow.co.uk,merck.com,merck.com,pipeflow.co.uk,tek.com,518.com.tw,pipeflow.co.uk,tek.com,polyxal.com.tw,,,,,,,,,,,,,,,,,,,,,,,,,,,,,,,,,
Member_1211479701,OFF,,files-conversion,nchsoftware.com,adobe.com,nchsoftware.com,nchsoftware.com,eu.4game.com/en/rf/,,,,,,,,,,,,,,,,,,,,,,,,,,,,,,,,,,,,,
Member_1211479701,OFF,,Gmail ,disneyplus.com,daikenshop.com,zendate.com,domohornwrinkle.com,,,,,,,,,,,,,,,,,,,,,,,,,,,,,,,,,,,,,,
Member_1211479701,OFF,,imgbb.com,wix.com,watsons.com.cn,shutterstock.com,watsons.com.cn,wix.com,watsons.com.cn,watsons.com.cn,watsons.com.cn,watsons.com.cn,wix.com,nespresso.com,watsons.com.cn,,,,,,,,,,,,,,,,,,,,,,,,,,,,,,
Member_1211479701,OFF,,onlinerekenmachine,gameyoungerdns.com,godaddy.com,eu.4game.com/en/rf/,eu.4game.com/en/rf/,eu.4game.com/en/rf/,sensofar.com,gameyoungerdns.com,eu.4game.com/en/rf/,p.momo-chic.com,,,,,,,,,,,,,,,,,,,,,,,,,,,,,,,,,
Member_1211479701,OFF,,web2.0calc,semrush.com,dysterra.kakaogames.com,semrush.com,gameyoungerdns.com,pecos.com.tw/brands-濃韻.html,dysterra.kakaogames.com,,,,,,,,,,,,,,,,,,,,,,,,,,,,,,,,,,,,
Member_1211479701,OFF,,Worldometers.info,gameyoungerdns.com,eu.4game.com/en/rf/,takeielts.britishcouncil.org,takeielts.britishcouncil.org,gameyoungerdns.com,gameyoungerdns.com,gameyoungerdns.com,sailpoint.com,gameyoungerdns.com,gameyoungerdns.com,sailpoint.com,takeielts.britishcouncil.org,,,,,,,,,,,,,,,,,,,,,,,,,,,,,,
Member_5863536299,ON,,calculator-1,uniqlo.com,uniqlo.com,uniqlo.com,uniqlo.com,uniqlo.com,,,,,,,,,,,,,,,,,,,,,,,,,,,,,,,,,,,,,
Member_5863536299,ON,,engineeringtoolbox.com,pipeflow.co.uk,pipeflow.co.uk,uniqlo.com,samsung.com,hrblock.com,hrblock.com,samsung.com,hrblock.com,hrblock.com,,,,,,,,,,,,,,,,,,,,,,,,,,,,,,,,,
Member_5863536299,ON,,files-conversion,genshin.mihoyo.com,uniqlo.com,office.com,colgatepalmolive.ph,office.com,colgatepalmolive.ph,,,,,,,,,,,,,,,,,,,,,,,,,,,,,,,,,,,,
Member_5863536299,ON,,Gmail ,citi.com,playroll.com,facebook.com,securitybank.com,,,,,,,,,,,,,,,,,,,,,,,,,,,,,,,,,,,,,,
Member_5863536299,ON,,imgbb.com,landers.ph,landers.ph,landers.ph,landers.ph,landers.ph,adobe.com,adobe.com,adobe.com,moneymax.ph,landers.ph,moneymax.ph,adobe.com,,,,,,,,,,,,,,,,,,,,,,,,,,,,,,
Member_5863536299,ON,,iplocation.net,hrblock.com,honda.com,ezoic.com,uniqlo.com,honda.com,,,,,,,,,,,,,,,,,,,,,,,,,,,,,,,,,,,,,
Member_5863536299,ON,,onlinerekenmachine,xm.com,moneymax.ph,moneymax.ph,moneymax.ph,office.com,office.com,moneymax.ph,office.com,office.com,,,,,,,,,,,,,,,,,,,,,,,,,,,,,,,,,
Member_5863536299,ON,,web2.0calc,office.com,office.com,office.com,office.com,office.com,office.com,,,,,,,,,,,,,,,,,,,,,,,,,,,,,,,,,,,,
Member_5863536299,ON,,Worldometers.info,cmp-micro.com,cmp-micro.com,moneymax.ph,moneymax.ph,moneymax.ph,moneymax.ph,tmtambayan.ph,gold.razer.com,moneymax.ph,moneymax.ph,moneymax.ph,moneymax.ph,,,,,,,,,,,,,,,,,,,,,,,,,,,,,,
Member_5863536299,OFF,,calculator-1,uniqlo.com,uniqlo.com,uniqlo.com,uniqlo.com,uniqlo.com,uniqlo.com,,,,,,,,,,,,,,,,,,,,,,,,,,,,,,,,,,,,
Member_5863536299,OFF,,engineeringtoolbox.com,uniqlo.com,pipeflow.co.uk,pipeflow.co.uk,uniqlo.com,pipeflow.co.uk,pipeflow.co.uk,,,,,,,,,,,,,,,,,,,,,,,,,,,,,,,,,,,,
Member_5863536299,OFF,,files-conversion,mediaget.com,xdefi.io,mediaget.com,xdefi.io,mediaget.com,uniqlo.com,,,,,,,,,,,,,,,,,,,,,,,,,,,,,,,,,,,,
Member_5863536299,OFF,,Gmail ,citi.com,securitybank.com,letmedate.com,tiktok.com,,,,,,,,,,,,,,,,,,,,,,,,,,,,,,,,,,,,,,
Member_5863536299,OFF,,imgbb.com,binance.com/en/nft,binance.com/en/nft,binance.com/en/nft,binance.com/en/nft,binance.com/en/nft,binance.com/en/nft,binance.com/en/nft,binance.com/en/nft,binance.com/en/nft,binance.com/en/nft,binance.com/en/nft,binance.com/en/nft,binance.com/en/nft,binance.com/en/nft,binance.com/en/nft,,,,,,,,,,,,,,,,,,,,,,,,,,,
Member_5863536299,OFF,,onlinerekenmachine,xm.com,gldenbull.com,xm.com,xm.com,gldenbull.com,genshin.mihoyo.com,,,,,,,,,,,,,,,,,,,,,,,,,,,,,,,,,,,,
Member_5863536299,OFF,,web2.0calc,uniqlo.com,circle.com,uniqlo.com,genshin.mihoyo.com,uniqlo.com,stemcell.com,,,,,,,,,,,,,,,,,,,,,,,,,,,,,,,,,,,,
Member_5863536299,OFF,,Worldometers.info,shoreagents.com,shoreagents.com,shoreagents.com,shoreagents.com,gehealthcare.com,gehealthcare.com,workable.com,totango.com,cmp-micro.com,,,,,,,,,,,,,,,,,,,,,,,,,,,,,,,,,
Member_8386711018,ON,,calculator-1,store.google.com,wavebrowser.co,store.google.com,shopify.com,wavebrowser.co,store.google.com,store.google.com,solarwinds.com,,,,,,,,,,,,,,,,,,,,,,,,,,,,,,,,,,
Member_8386711018,ON,,engineeringtoolbox.com,wavebrowser.co,experian.com,go.magritek.com,go.magritek.com,go.magritek.com,go.magritek.com,,,,,,,,,,,,,,,,,,,,,,,,,,,,,,,,,,,,
Member_8386711018,ON,,files-conversion,outsystems.com,hotels.com,shopify.com,shopify.com,,,,,,,,,,,,,,,,,,,,,,,,,,,,,,,,,,,,,,
Member_8386711018,ON,,Gmail ,ads.google.com,grammarly.com,youtube.com,yiwugo.com,,,,,,,,,,,,,,,,,,,,,,,,,,,,,,,,,,,,,,
Member_8386711018,ON,,imgbb.com,hootsuite.com,supportcrisisrelief.org,hootsuite.com,supportcrisisrelief.org,solarwinds.com,solarwinds.com,solarwinds.com,supportcrisisrelief.org,hootsuite.com,supportcrisisrelief.org,stuartgroup.ltd.uk,supportcrisisrelief.org,,,,,,,,,,,,,,,,,,,,,,,,,,,,,,
Member_8386711018,ON,,iplocation.net,cityfibre.com,lufthansa.com,semrush.com,semrush.com,semrush.com,,,,,,,,,,,,,,,,,,,,,,,,,,,,,,,,,,,,,
Member_8386711018,ON,,onlinerekenmachine,grammarly.com,cadburyusa.com,allianz-trade.com,grammarly.com,allianz-trade.com,allianz-trade.com,grammarly.com,,,,,,,,,,,,,,,,,,,,,,,,,,,,,,,,,,,
Member_8386711018,ON,,web2.0calc,starstable.com,shein.com,msi.com,en.hongdian.com,en.hongdian.com,,,,,,,,,,,,,,,,,,,,,,,,,,,,,,,,,,,,,
Member_8386711018,ON,,Worldometers.info,getbyrd.com,joinhoney.com,fiverr.com,lufthansa.com,datalawonline.co.uk,joinhoney.com,mandoemedia.com,mma.com,totalbattle.com,live.mobile-magazine.com,starstable.com,arenasolutions.com,datalawonline.co.uk,ads.google.com,fiverr.com,fiverr.com,ads.google.com,joinhoney.com,datalawonline.co.uk,getbyrd.com,joinhoney.com,mandoemedia.com,mma.com,live.mobile-magazine.com,totalbattle.com,starstable.com,getbyrd.com,joinhoney.com,joinhoney.com,fiverr.com,fiverr.com,datalawonline.co.uk,getbyrd.com,joinhoney.com,mandoemedia.com,totalbattle.com,mma.com,starstable.com,live.mobile-magazine.com,,,
Member_8386711018,OFF,,calculator-1,fourfaith.com,sgchem.com,atlassian.com,atlassian.com,fourfaith.com,adaptedmind.com,adaptedmind.com,adaptedmind.com,sgchem.com,egnyte.com,craftcloud3d.com,allianz-trade.com,allianz-trade.com,tryfable.com,,,,,,,,,,,,,,,,,,,,,,,,,,,,
Member_8386711018,OFF,,engineeringtoolbox.com,go.magritek.com,go.magritek.com,go.magritek.com,go.magritek.com,go.magritek.com,go.magritek.com,,,,,,,,,,,,,,,,,,,,,,,,,,,,,,,,,,,,
Member_8386711018,OFF,,files-conversion,bechtle.com,atlassian.com,mediafly.com,manageengine.com,nchsoftware.com,nchsoftware.com,,,,,,,,,,,,,,,,,,,,,,,,,,,,,,,,,,,,
Member_8386711018,OFF,,Gmail ,wrenkitchens.com,findmypast.co.uk,scorebydnd.com,grammarly.com,,,,,,,,,,,,,,,,,,,,,,,,,,,,,,,,,,,,,,
Member_8386711018,OFF,,imgbb.com,shutterstock.com,shutterstock.com,craftcloud3d.com,craftcloud3d.com,shutterstock.com,atlassian.com,atlassian.com,plentific.com,shutterstock.com,stuartgroup.ltd.uk,stuartgroup.ltd.uk,humio.com,,,,,,,,,,,,,,,,,,,,,,,,,,,,,,
Member_8386711018,OFF,,onlinerekenmachine,allianz-trade.com,allianz-trade.com,atlassian.com,allianz-trade.com,allianz-trade.com,atlassian.com,allianz-trade.com,atlassian.com,manageengine.com,,,,,,,,,,,,,,,,,,,,,,,,,,,,,,,,,
Member_8386711018,OFF,,web2.0calc,joinhoney.com,mathworks.com,grammarly.com,tableau.com,outerringmmo.com,tableau.com,,,,,,,,,,,,,,,,,,,,,,,,,,,,,,,,,,,,
Member_8386711018,OFF,,Worldometers.info,joinhoney.com,live.mobile-magazine.com,totalbattle.com,joinhoney.com,garp.org,cjs-cdkeys.com,netflix.com,live.mobile-magazine.com,watchguard-online.co.uk,lyricstudio.net,craftcloud3d.com,shein.com,florencehc.com,linkwaysurfacing.co.uk,joinhoney.com,dyinglightgame.com,totalbattle.com,netflix.com,live.mobile-magazine.com,datalawonline.co.uk,joinhoney.com,free2learn.org.uk,thewatercoolercompany.com,motion29.com,,,,,,,,,,,,,,,,,,
tanoseiya,ON,,calculator-1,binance.com/en/nft,ita-airways.com,ita-airways.com,,,,,,,,,,,,,,,,,,,,,,,,,,,,,,,,,,,,,,,
tanoseiya,ON,,engineeringtoolbox.com,hbomax.com,playstation.com,serviclub.com.ar,disneyplus.com,serviclub.com.ar,ita-airways.com,,,,,,,,,,,,,,,,,,,,,,,,,,,,,,,,,,,,
tanoseiya,ON,,files-conversion,hbomax.com,serviclub.com.ar,serviclub.com.ar,serviclub.com.ar,serviclub.com.ar,,,,,,,,,,,,,,,,,,,,,,,,,,,,,,,,,,,,,
tanoseiya,ON,,Gmail ,globalization-partners.com,wisboo.com,vultr.com,imagecampus.edu.ar,,,,,,,,,,,,,,,,,,,,,,,,,,,,,,,,,,,,,,
tanoseiya,ON,,imgbb.com,site123.com,site123.com,site123.com,site123.com,site123.com,site123.com,jumbo.com.ar,jumbo.com.ar,jumbo.com.ar,jumbo.com.ar,,,,,,,,,,,,,,,,,,,,,,,,,,,,,,,,
tanoseiya,ON,,iplocation.net,lavirginia.com.ar,,,,,,,,,,,,,,,,,,,,,,,,,,,,,,,,,,,,,,,,,
tanoseiya,ON,,onlinerekenmachine,globalization-partners.com,xbox.com,globalization-partners.com,globalization-partners.com,globalization-partners.com,globalization-partners.com,xbox.com,globalization-partners.com,globalization-partners.com,,,,,,,,,,,,,,,,,,,,,,,,,,,,,,,,,
tanoseiya,ON,,web2.0calc,binance.com/en/nft,world.siteground.com,binance.com/en/nft,,,,,,,,,,,,,,,,,,,,,,,,,,,,,,,,,,,,,,,
tanoseiya,ON,,Worldometers.info,ita-airways.com,overthereality.ai,overthereality.ai,office.com,alikal.com.ar,site123.com,,,,,,,,,,,,,,,,,,,,,,,,,,,,,,,,,,,,
tanoseiya,OFF,,calculator-1,overthereality.ai,overthereality.ai,montagne.com.ar,plannacional.autos,overthereality.ai,,,,,,,,,,,,,,,,,,,,,,,,,,,,,,,,,,,,,
tanoseiya,OFF,,engineeringtoolbox.com,pipeflow.co.uk,pipeflow.co.uk,serviclub.com.ar,pipeflow.co.uk,overthereality.ai,,,,,,,,,,,,,,,,,,,,,,,,,,,,,,,,,,,,,
tanoseiya,OFF,,files-conversion,nchsoftware.com,nchsoftware.com,nchsoftware.com,streamlabs.com,nchsoftware.com,nchsoftware.com,,,,,,,,,,,,,,,,,,,,,,,,,,,,,,,,,,,,
tanoseiya,OFF,,Gmail ,movistar.com.ar,almundo.com.ar,assistcard.com,seguros.lacaja.com.ar,,,,,,,,,,,,,,,,,,,,,,,,,,,,,,,,,,,,,,
tanoseiya,OFF,,imgbb.com,serviclub.com.ar,binance.com/en/nft,binance.com/en/nft,binance.com/en/nft,binance.com/en/nft,binance.com/en/nft,binance.com/en/nft,binance.com/en/nft,binance.com/en/nft,binance.com/en/nft,binance.com/en/nft,binance.com/en/nft,,,,,,,,,,,,,,,,,,,,,,,,,,,,,,
tanoseiya,OFF,,onlinerekenmachine,serviclub.com.ar,overthereality.ai,overthereality.ai,streamlabs.com,visa.com,visa.com,visa.com,binance.com/en/nft,,,,,,,,,,,,,,,,,,,,,,,,,,,,,,,,,,
tanoseiya,OFF,,web2.0calc,office.com,,,,,,,,,,,,,,,,,,,,,,,,,,,,,,,,,,,,,,,,,
tanoseiya,OFF,,Worldometers.info,overthereality.ai,overthereality.ai,iplan.com.ar,overthereality.ai,overthereality.ai,office.com,,,,,,,,,,,,,,,,,,,,,,,,,,,,,,,,,,,,
paulasantosmk,ON,,calculator-1,aa.com,aa.com,jeep.com,,,,,,,,,,,,,,,,,,,,,,,,,,,,,,,,,,,,,,,
paulasantosmk,ON,,engineeringtoolbox.com,pipeflow.co.uk,fretebras.com.br,armaniexchange.com,acronis.com,acronis.com,baslerweb.com,acronis.com,acronis.com,baslerweb.com,,,,,,,,,,,,,,,,,,,,,,,,,,,,,,,,,
paulasantosmk,ON,,files-conversion,fretebras.com.br,adobe.com,atlassian.com,office.com,fretebras.com.br,adobe.com,,,,,,,,,,,,,,,,,,,,,,,,,,,,,,,,,,,,
paulasantosmk,ON,,Gmail ,tiktok.com,turning.com,cora.com.br,hotmart.com,cora.com.br,hotmart.com,cora.com.br,,,,,,,,,,,,,,,,,,,,,,,,,,,,,,,,,,,
paulasantosmk,ON,,imgbb.com,adobe.com,binance.com/en/nft,adobe.com,adobe.com,binance.com/en/nft,adobe.com,binance.com/en/nft,tiktok.com,tiktok.com,,,,,,,,,,,,,,,,,,,,,,,,,,,,,,,,,
paulasantosmk,ON,,iplocation.net,hbomax.com,hbomax.com,hbomax.com,,,,,,,,,,,,,,,,,,,,,,,,,,,,,,,,,,,,,,,
paulasantosmk,ON,,onlinerekenmachine,adobe.com,store.wiris.com,atlassian.com,,,,,,,,,,,,,,,,,,,,,,,,,,,,,,,,,,,,,,,
paulasantosmk,ON,,web2.0calc,armaniexchange.com,splitgate.com,armaniexchange.com,neteller.com,armaniexchange.com,nivea.com,,,,,,,,,,,,,,,,,,,,,,,,,,,,,,,,,,,,
paulasantosmk,ON,,Worldometers.info,hyatt.com,hyatt.com,hyatt.com,nivea.com,dynatrace.com,dynatrace.com,binance.com/en/nft,binance.com/en/nft,free-ebooks.net,,,,,,,,,,,,,,,,,,,,,,,,,,,,,,,,,
paulasantosmk,OFF,,calculator-1,binance.com/en/nft,jeep.com,edwards.com,law.lclark.edu,samsung.com,law.lclark.edu,kalunga.com.br,,,,,,,,,,,,,,,,,,,,,,,,,,,,,,,,,,,
paulasantosmk,OFF,,engineeringtoolbox.com,amigoconstrutor.com.br,armaniexchange.com,pipeflow.co.uk,keysight.com,amigoconstrutor.com.br,smartmanshop.com.br,,,,,,,,,,,,,,,,,,,,,,,,,,,,,,,,,,,,
paulasantosmk,OFF,,files-conversion,atlassian.com,binance.com/en/nft,umbler.com,binance.com/en/nft,binance.com/en/nft,binance.com/en/nft,,,,,,,,,,,,,,,,,,,,,,,,,,,,,,,,,,,,
paulasantosmk,OFF,,Gmail ,drogaraia.com.br,chevrolet.com,tiktok.com,leilaoonline.net,,,,,,,,,,,,,,,,,,,,,,,,,,,,,,,,,,,,,,
paulasantosmk,OFF,,imgbb.com,flynet.pro,coca-colacompany.com,coca-colacompany.com,binance.com/en/nft,binance.com/en/nft,binance.com/en/nft,binance.com/en/nft,binance.com/en/nft,binance.com/en/nft,,,,,,,,,,,,,,,,,,,,,,,,,,,,,,,,,
paulasantosmk,OFF,,onlinerekenmachine,crossfire.z8games.com,123milhas.com,kalunga.com.br,crossfire.z8games.com,jeep.com,binance.com/en/nft,crossfire.z8games.com,jeep.com,binance.com/en/nft,,,,,,,,,,,,,,,,,,,,,,,,,,,,,,,,,
paulasantosmk,OFF,,web2.0calc,armaniexchange.com,crossfire.z8games.com,crossfire.z8games.com,crossfire.z8games.com,crossfire.z8games.com,,,,,,,,,,,,,,,,,,,,,,,,,,,,,,,,,,,,,
paulasantosmk,OFF,,Worldometers.info,docebo.com,docebo.com,workable.com,binance.com/en/nft,binance.com/en/nft,binance.com/en/nft,binance.com/en/nft,brokenranks.com,docebo.com,docebo.com,docebo.com,binance.com/en/nft,,,,,,,,,,,,,,,,,,,,,,,,,,,,,,
Member_1653515280,ON,,calculator-1,lifescience.canvaxbiotech.com,lifescience.canvaxbiotech.com,binance.com/en/nft,jointoucan.com,jointoucan.com,jointoucan.com,,,,,,,,,,,,,,,,,,,,,,,,,,,,,,,,,,,,
Member_1653515280,ON,,engineeringtoolbox.com,jointoucan.com,jointoucan.com,jointoucan.com,pipeflow.co.uk,pipeflow.co.uk,pipeflow.co.uk,pipeflow.co.uk,pipeflow.co.uk,pipeflow.co.uk,,,,,,,,,,,,,,,,,,,,,,,,,,,,,,,,,
Member_1653515280,ON,,files-conversion,elements.envato.com,elements.envato.com,elements.envato.com,elements.envato.com,elements.envato.com,elements.envato.com,,,,,,,,,,,,,,,,,,,,,,,,,,,,,,,,,,,,
Member_1653515280,ON,,Gmail ,,,,,,,,,,,,,,,,,,,,,,,,,,,,,,,,,,,,,,,,,,
Member_1653515280,ON,,imgbb.com,omneseducation.com,omneseducation.com,omneseducation.com,omneseducation.com,omneseducation.com,omneseducation.com,elements.envato.com,binance.com/en/nft,elements.envato.com,pcmag.com,123rf.com,dreamstime.com,,,,,,,,,,,,,,,,,,,,,,,,,,,,,,
Member_1653515280,ON,,iplocation.net,,,,,,,,,,,,,,,,,,,,,,,,,,,,,,,,,,,,,,,,,,
Member_1653515280,ON,,onlinerekenmachine,jointoucan.com,jointoucan.com,jointoucan.com,godaddy.com,grammarly.com,grammarly.com,grammarly.com,coreldraw.com,grammarly.com,grammarly.com,grammarly.com,,,,,,,,,,,,,,,,,,,,,,,,,,,,,,,
Member_1653515280,ON,,web2.0calc,binance.com/en/nft,zulily.com,zulily.com,checkbox.com,zulily.com,checkbox.com,,,,,,,,,,,,,,,,,,,,,,,,,,,,,,,,,,,,
Member_1653515280,ON,,Worldometers.info,hotjar.com,hotjar.com,hotjar.com,hotjar.com,hotjar.com,hotjar.com,hotjar.com,hotjar.com,hotjar.com,hotjar.com,hotjar.com,hotjar.com,hotjar.com,hotjar.com,hotjar.com,hotjar.com,hotjar.com,hotjar.com,hotjar.com,jointoucan.com,hotjar.com,hotjar.com,jointoucan.com,hotjar.com,hotjar.com,hotjar.com,hotjar.com,,,,,,,,,,,,,,,
Member_1653515280,OFF,,calculator-1,jointoucan.com,jointoucan.com,jointoucan.com,jointoucan.com,jointoucan.com,jointoucan.com,jointoucan.com,jointoucan.com,jointoucan.com,,,,,,,,,,,,,,,,,,,,,,,,,,,,,,,,,
Member_1653515280,OFF,,engineeringtoolbox.com,jointoucan.com,jointoucan.com,jointoucan.com,jointoucan.com,jointoucan.com,jointoucan.com,jointoucan.com,jointoucan.com,jointoucan.com,,,,,,,,,,,,,,,,,,,,,,,,,,,,,,,,,
Member_1653515280,OFF,,files-conversion,elements.envato.com,elements.envato.com,elements.envato.com,elements.envato.com,elements.envato.com,elements.envato.com,,,,,,,,,,,,,,,,,,,,,,,,,,,,,,,,,,,,
Member_1653515280,OFF,,Gmail ,myzone.org,trioflor.net,carflexi.com,goldenlaser.cc,,,,,,,,,,,,,,,,,,,,,,,,,,,,,,,,,,,,,,
Member_1653515280,OFF,,imgbb.com,binance.com/en/nft,binance.com/en/nft,binance.com/en/nft,binance.com/en/nft,elements.envato.com,jointoucan.com,binance.com/en/nft,dreamstime.com,elements.envato.com,jointoucan.com,binance.com/en/nft,dreamstime.com,,,,,,,,,,,,,,,,,,,,,,,,,,,,,,
Member_1653515280,OFF,,onlinerekenmachine,dmarket.com,binance.com/en/nft,sonarsource.com,alpapowder.com,binance.com/en/nft,sonarsource.com,,,,,,,,,,,,,,,,,,,,,,,,,,,,,,,,,,,,
Member_1653515280,OFF,,web2.0calc,sothebys.com,zulily.com,godaddy.com,zulily.com,jointoucan.com,jointoucan.com,zulily.com,,,,,,,,,,,,,,,,,,,,,,,,,,,,,,,,,,,
Member_1653515280,OFF,,Worldometers.info,hotjar.com,hotjar.com,hotjar.com,businesstravelshoweurope.com,jointoucan.com,jointoucan.com,jointoucan.com,jointoucan.com,jointoucan.com,jointoucan.com,jointoucan.com,hotjar.com,,,,,,,,,,,,,,,,,,,,,,,,,,,,,,
Josef29,ON,,calculator-1,singular.net,singular.net,adobe.com,adobe.com,,,,,,,,,,,,,,,,,,,,,,,,,,,,,,,,,,,,,,
Josef29,ON,,engineeringtoolbox.com,godaddy.com,solarwinds.com,pipeflow.co.uk,pipeflow.co.uk,godaddy.com,pipeflow.co.uk,godaddy.com,monitormyocean.com,,,,,,,,,,,,,,,,,,,,,,,,,,,,,,,,,,
Josef29,ON,,files-conversion,godaddy.com,elements.envato.com,elements.envato.com,elements.envato.com,hindawi.com,elements.envato.com,,,,,,,,,,,,,,,,,,,,,,,,,,,,,,,,,,,,
Josef29,ON,,Gmail ,jointoucan.com,veeam.com,xanpay.com,,,,,,,,,,,,,,,,,,,,,,,,,,,,,,,,,,,,,,,
Josef29,ON,,imgbb.com,atlassian.com,elements.envato.com,singular.net,elements.envato.com,elements.envato.com,ooredoo.qa,ooredoo.qa,ooredoo.qa,ooredoo.qa,ooredoo.qa,ooredoo.qa,,,,,,,,,,,,,,,,,,,,,,,,,,,,,,,
Josef29,ON,,iplocation.net,stimulsoft.com,,,,,,,,,,,,,,,,,,,,,,,,,,,,,,,,,,,,,,,,,
Josef29,ON,,onlinerekenmachine,lianya-industry.com,servicenow.com,servicenow.com,godaddy.com,adobe.com,atlassian.com,atlassian.com,atlassian.com,atlassian.com,,,,,,,,,,,,,,,,,,,,,,,,,,,,,,,,,
Josef29,ON,,web2.0calc,adobe.com,adobe.com,gldenbull.com,yooz.ooredoo.dz,,,,,,,,,,,,,,,,,,,,,,,,,,,,,,,,,,,,,,
Josef29,ON,,Worldometers.info,adobe.com,adobe.com,adobe.com,gldenbull.com,adobe.com,adobe.com,adobe.com,adobe.com,gldenbull.com,adobe.com,adobe.com,adobe.com,,,,,,,,,,,,,,,,,,,,,,,,,,,,,,
Josef29,OFF,,calculator-1,binance.com/en/nft,binance.com/en/nft,binance.com/en/nft,ooredoo.qa,made-in-china.com,binance.com/en/nft,,,,,,,,,,,,,,,,,,,,,,,,,,,,,,,,,,,,
Josef29,OFF,,engineeringtoolbox.com,binance.com/en/nft,pipeflow.co.uk,binance.com/en/nft,binance.com/en/nft,binance.com/en/nft,pipeflow.co.uk,ooredoo.qa,,,,,,,,,,,,,,,,,,,,,,,,,,,,,,,,,,,
Josef29,OFF,,files-conversion,binance.com/en/nft,elements.envato.com,binance.com/en/nft,elements.envato.com,binance.com/en/nft,ooredoo.qa,,,,,,,,,,,,,,,,,,,,,,,,,,,,,,,,,,,,
Josef29,OFF,,Gmail ,fisherinvestments.com,qatarairways.com,trioflor.net,skysafety.net,,,,,,,,,,,,,,,,,,,,,,,,,,,,,,,,,,,,,,
Josef29,OFF,,imgbb.com,binance.com/en/nft,ooredoo.qa,ooredoo.qa,ooredoo.qa,binance.com/en/nft,binance.com/en/nft,binance.com/en/nft,binance.com/en/nft,ooredoo.qa,binance.com/en/nft,binance.com/en/nft,godaddy.com,,,,,,,,,,,,,,,,,,,,,,,,,,,,,,
Josef29,OFF,,onlinerekenmachine,ooredoo.qa,alihunter.io,alihunter.io,binance.com/en/nft,binance.com/en/nft,binance.com/en/nft,binance.com/en/nft,sunwoda.com,prorateer.com,,,,,,,,,,,,,,,,,,,,,,,,,,,,,,,,,
Josef29,OFF,,web2.0calc,gldenbull.com,godaddy.com,,,,,,,,,,,,,,,,,,,,,,,,,,,,,,,,,,,,,,,,
Josef29,OFF,,Worldometers.info,binance.com/en/nft,binance.com/en/nft,binance.com/en/nft,binance.com/en/nft,binance.com/en/nft,spire.com,binance.com/en/nft,binance.com/en/nft,binance.com/en/nft,,,,,,,,,,,,,,,,,,,,,,,,,,,,,,,,,
Suhas Patil,ON,,calculator-1,hapag-lloyd.com,hapag-lloyd.com,atlassian.com,atlassian.com,intellipaat.com,,,,,,,,,,,,,,,,,,,,,,,,,,,,,,,,,,,,,
Suhas Patil,ON,,engineeringtoolbox.com,hapag-lloyd.com,hapag-lloyd.com,intellipaat.com,clevertap.com,hapag-lloyd.com,hapag-lloyd.com,,,,,,,,,,,,,,,,,,,,,,,,,,,,,,,,,,,,
Suhas Patil,ON,,files-conversion,discoveryplus.com,elements.envato.com,discoveryplus.com,elements.envato.com,discoveryplus.com,,,,,,,,,,,,,,,,,,,,,,,,,,,,,,,,,,,,,
Suhas Patil,ON,,Gmail ,cosmotechexpoindia.com,investyadnya.in,supplier.meesho.com,,,,,,,,,,,,,,,,,,,,,,,,,,,,,,,,,,,,,,,
Suhas Patil,ON,,imgbb.com,hapag-lloyd.com,hapag-lloyd.com,hapag-lloyd.com,adobe.com,hapag-lloyd.com,hapag-lloyd.com,grammarly.com,grammarly.com,hapag-lloyd.com,grammarly.com,hapag-lloyd.com,,,,,,,,,,,,,,,,,,,,,,,,,,,,,,,
Suhas Patil,ON,,iplocation.net,hapag-lloyd.com,,,,,,,,,,,,,,,,,,,,,,,,,,,,,,,,,,,,,,,,,
Suhas Patil,ON,,onlinerekenmachine,intellipaat.com,amazon.com/Prime-Video/b?node=2676882011,amazon.com/Prime-Video/b?node=2676882011,amazon.com/Prime-Video/b?node=2676882011,grammarly.com,,,,,,,,,,,,,,,,,,,,,,,,,,,,,,,,,,,,,
Suhas Patil,ON,,web2.0calc,clevertap.com,squarespace.com,squarespace.com,,,,,,,,,,,,,,,,,,,,,,,,,,,,,,,,,,,,,,,
Suhas Patil,ON,,Worldometers.info,dell.com,dell.com,dell.com,maxlifeinsurance.com,maxlifeinsurance.com,dell.com,maxlifeinsurance.com,intellipaat.com,,,,,,,,,,,,,,,,,,,,,,,,,,,,,,,,,,
Suhas Patil,OFF,,calculator-1,facebook.com,facebook.com,,,,,,,,,,,,,,,,,,,,,,,,,,,,,,,,,,,,,,,,
Suhas Patil,OFF,,engineeringtoolbox.com,binance.com/en/nft,mpowerfinancing.com,monitormyocean.com,mpowerfinancing.com,,,,,,,,,,,,,,,,,,,,,,,,,,,,,,,,,,,,,,
Suhas Patil,OFF,,files-conversion,,,,,,,,,,,,,,,,,,,,,,,,,,,,,,,,,,,,,,,,,,
Suhas Patil,OFF,,Gmail ,clubmahindra.com,lodhagroup.in,hiranandanipanvel.com,,,,,,,,,,,,,,,,,,,,,,,,,,,,,,,,,,,,,,,
Suhas Patil,OFF,,imgbb.com,binance.com/en/nft,binance.com/en/nft,binance.com/en/nft,siddhagroup.com,siddhagroup.com,siddhagroup.com,,,,,,,,,,,,,,,,,,,,,,,,,,,,,,,,,,,,
Suhas Patil,OFF,,onlinerekenmachine,semrush.com,semrush.com,atlismotorvehicles.com,,,,,,,,,,,,,,,,,,,,,,,,,,,,,,,,,,,,,,,
Suhas Patil,OFF,,web2.0calc,atlismotorvehicles.com,,,,,,,,,,,,,,,,,,,,,,,,,,,,,,,,,,,,,,,,,
Suhas Patil,OFF,,Worldometers.info,clickastro.com,lntrealty.com,binance.com/en/nft,covid-19.bmj.com,,,,,,,,,,,,,,,,,,,,,,,,,,,,,,,,,,,,,,
Lunaku,ON,,calculator-1,made-in-china.com,made-in-china.com,jointoucan.com,binance.com/en/nft,jointoucan.com,jointoucan.com,,,,,,,,,,,,,,,,,,,,,,,,,,,,,,,,,,,,
Lunaku,ON,,engineeringtoolbox.com,pipeflow.co.uk,mokotechnology.com,pipeflow.co.uk,mokotechnology.com,pipeflow.co.uk,mokotechnology.com,,,,,,,,,,,,,,,,,,,,,,,,,,,,,,,,,,,,
Lunaku,ON,,files-conversion,unity.com,coreldraw.com,unity.com,atlismotorvehicles.com,unity.com,,,,,,,,,,,,,,,,,,,,,,,,,,,,,,,,,,,,,
Lunaku,ON,,Gmail ,,,,,,,,,,,,,,,,,,,,,,,,,,,,,,,,,,,,,,,,,,
Lunaku,ON,,imgbb.com,coreldraw.com,coreldraw.com,coreldraw.com,,,,,,,,,,,,,,,,,,,,,,,,,,,,,,,,,,,,,,,
Lunaku,ON,,iplocation.net,redrovers.com,redrovers.com,,,,,,,,,,,,,,,,,,,,,,,,,,,,,,,,,,,,,,,,
Lunaku,ON,,onlinerekenmachine,servicenow.com,servicenow.com,godaddy.com,quickbooks.intuit.com,hindawi.com,godaddy.com,hindawi.com,hindawi.com,,,,,,,,,,,,,,,,,,,,,,,,,,,,,,,,,,
Lunaku,ON,,web2.0calc,jointoucan.com,jointoucan.com,slickdeals.net,estudiareneeuu.com,broadcom.com,,,,,,,,,,,,,,,,,,,,,,,,,,,,,,,,,,,,,
Lunaku,ON,,Worldometers.info,jointoucan.com,jointoucan.com,jointoucan.com,jointoucan.com,simplemdm.com,jointoucan.com,jointoucan.com,,jointoucan.com,,,,,,,,,,,,,,,,,,,,,,,,,,,,,,,,,
Lunaku,OFF,,calculator-1,alihunter.io,zulily.com,alihunter.io,zulily.com,,,,,,,,,,,,,,,,,,,,,,,,,,,,,,,,,,,,,,
Lunaku,OFF,,engineeringtoolbox.com,pipeflow.co.uk,pipeflow.co.uk,pipeflow.co.uk,pipeflow.co.uk,pipeflow.co.uk,pipeflow.co.uk,,,,,,,,,,,,,,,,,,,,,,,,,,,,,,,,,,,,
Lunaku,OFF,,files-conversion,eos.com,h5.g123.jp/game/queensblade,eos.com,elements.envato.com,mastermindpromotion.com,unity.com,,,,,,,,,,,,,,,,,,,,,,,,,,,,,,,,,,,,
Lunaku,OFF,,Gmail ,expohomelife.com,jointoucan.com,dosfarma.com,uxcam.com,,,,,,,,,,,,,,,,,,,,,,,,,,,,,,,,,,,,,,
Lunaku,OFF,,imgbb.com,grupoleti.com,truckdesign4x4.com,binance.com/en/nft,truckdesign4x4.com,truckdesign4x4.com,truckdesign4x4.com,truckdesign4x4.com,truckdesign4x4.com,truckdesign4x4.com,truckdesign4x4.com,truckdesign4x4.com,,,,,,,,,,,,,,,,,,,,,,,,,,,,,,,
Lunaku,OFF,,onlinerekenmachine,atlismotorvehicles.com,infinoxpartners.com,atlismotorvehicles.com,dreamstime.com,nt-mevid.com,alihunter.io,dreamstime.com,adaptedmind.com,adaptedmind.com,,,,,,,,,,,,,,,,,,,,,,,,,,,,,,,,,
Lunaku,OFF,,web2.0calc,binance.com/en/nft,binance.com/en/nft,binance.com/en/nft,,,,,,,,,,,,,,,,,,,,,,,,,,,,,,,,,,,,,,,
Lunaku,OFF,,Worldometers.info,infinox.com,eos.com,sirvoy.com,binance.com/en/nft,binance.com/en/nft,eos.com,sirvoy.com,binance.com/en/nft,,,,,,,,,,,,,,,,,,,,,,,,,,,,,,,,,,
19cfcb2a,ON,,calculator-1,intellipaat.com,mediaget.com,mediaget.com,portworx.com,mediaget.com,crowdstrike.com,,,,,,,,,,,,,,,,,,,,,,,,,,,,,,,,,,,,
19cfcb2a,ON,,engineeringtoolbox.com,crowdstrike.com,skill-lync.com,nitte.edu.in,skill-lync.com,nitte.edu.in,crowdstrike.com,merck.com,peptide.com,westpharma.com/products/vial-containment-solutions/acceltra,,,,,,,,,,,,,,,,,,,,,,,,,,,,,,,,,
19cfcb2a,ON,,files-conversion,elements.envato.com,sobha.com,mediaget.com,microsoft.com,mediaget.com,microsoft.com,,,,,,,,,,,,,,,,,,,,,,,,,,,,,,,,,,,,
19cfcb2a,ON,,Gmail ,grammarly.com,indiabonds.com,sbilife.co.in,leverageedu.com,,,,,,,,,,,,,,,,,,,,,,,,,,,,,,,,,,,,,,
19cfcb2a,ON,,imgbb.com,semrush.com,semrush.com,semrush.com,semrush.com,semrush.com,elements.envato.com,adobe.com,godaddy.com,semrush.com,,,,,,,,,,,,,,,,,,,,,,,,,,,,,,,,,
19cfcb2a,ON,,iplocation.net,,,,,,,,,,,,,,,,,,,,,,,,,,,,,,,,,,,,,,,,,,
19cfcb2a,ON,,onlinerekenmachine,miner.eo.finance,miner.eo.finance,dell.com/en-us/gaming/alienware,toradex.com,dell.com/en-us/gaming/alienware,dell.com/en-us/gaming/alienware,amazon.com/Prime-Video/b?node=2676882011,amazon.com/Prime-Video/b?node=2676882011,,,,,,,,,,,,,,,,,,,,,,,,,,,,,,,,,,
19cfcb2a,ON,,web2.0calc,semrush.com,amazon.com/Prime-Video/b?node=2676882011,,intellipaat.com,intellipaat.com,linkedin.com/products/linkedin-sales-navigator/,,,,,,,,,,,,,,,,,,,,,,,,,,,,,,,,,,,,
19cfcb2a,ON,,Worldometers.info,dell.com,dell.com,dell.com,dell.com,dell.com,dell.com,dell.com,dell.com,linkedin.com/products/linkedin-sales-navigator/,linkedin.com/products/linkedin-sales-navigator/,linkedin.com/products/linkedin-sales-navigator/,premiumit.com,,,,,,,,,,,,,,,,,,,,,,,,,,,,,,
19cfcb2a,OFF,,calculator-1,jointoucan.com,jointoucan.com,jointoucan.com,jointoucan.com,jointoucan.com,jointoucan.com,jointoucan.com,jointoucan.com,,,,,,,,,,,,,,,,,,,,,,,,,,,,,,,,,,
19cfcb2a,OFF,,engineeringtoolbox.com,jointoucan.com,jointoucan.com,mediaget.com,jointoucan.com,mediaget.com,envirobarrier.in,jointoucan.com,jointoucan.com,mediaget.com,,,,,,,,,,,,,,,,,,,,,,,,,,,,,,,,,
19cfcb2a,OFF,,files-conversion,mediaget.com,microsoft.com,,,,,,,,,,,,,,,,,,,,,,,,,,,,,,,,,,,,,,,,
19cfcb2a,OFF,,Gmail ,zredo.com,sbilife.co.in,cibil.com,salesforce.com,,,,,,,,,,,,,,,,,,,,,,,,,,,,,,,,,,,,,,
19cfcb2a,OFF,,imgbb.com,semrush.com,semrush.com,semrush.com,semrush.com,semrush.com,semrush.com,semrush.com,semrush.com,,,,,,,,,,,,,,,,,,,,,,,,,,,,,,,,,,
19cfcb2a,OFF,,onlinerekenmachine,jointoucan.com,outgrow.co,outgrow.co,jointoucan.com,jointoucan.com,jointoucan.com,jointoucan.com,jointoucan.com,,,,,,,,,,,,,,,,,,,,,,,,,,,,,,,,,,
19cfcb2a,OFF,,web2.0calc,jointoucan.com,jointoucan.com,jointoucan.com,outgrow.co,outgrow.co,jointoucan.com,jointoucan.com,,,,,,,,,,,,,,,,,,,,,,,,,,,,,,,,,,,
19cfcb2a,OFF,,Worldometers.info,jointoucan.com,jointoucan.com,jointoucan.com,jointoucan.com,jointoucan.com,cmp-micro.com,jointoucan.com,jointoucan.com,jointoucan.com,,,,,,,,,,,,,,,,,,,,,,,,,,,,,,,,,
HieloX4,ON,,calculator-1,hbomax.com,hbomax.com,amigoconstrutor.com.br,intimus.com.br,intimus.com.br,disneyplus.com,espm.br,intimus.com.br,disneyplus.com,,,,,,,,,,,,,,,,,,,,,,,,,,,,,,,,,
HieloX4,ON,,engineeringtoolbox.com,hbomax.com,merck.com,merck.com,samsung.com,hbomax.com,merck.com,,,,,,,,,,,,,,,,,,,,,,,,,,,,,,,,,,,,
HieloX4,ON,,files-conversion,play.google.com,adobe.com,vegascreativesoftware.com,play.google.com,play.google.com,adobe.com,,,,,,,,,,,,,,,,,,,,,,,,,,,,,,,,,,,,
HieloX4,ON,,Gmail ,toptal.com,tiktok.com,turing.com,,,,,,,,,,,,,,,,,,,,,,,,,,,,,,,,,,,,,,,
HieloX4,ON,,imgbb.com,avast.com,adobe.com,hurb.com,avast.com,avast.com,grancursosonline.com.br,avast.com,avast.com,adobe.com,adobe.com,hurb.com,,,,,,,,,,,,,,,,,,,,,,,,,,,,,,,
HieloX4,ON,,iplocation.net,amazon.com/Prime-Video/b?node=2676882011,azure.microsoft.com,,,,,,,,,,,,,,,,,,,,,,,,,,,,,,,,,,,,,,,,
HieloX4,ON,,onlinerekenmachine,espm.br,espm.br,shein.com,espm.br,espm.br,espm.br,espm.br,espm.br,shein.com,,,,,,,,,,,,,,,,,,,,,,,,,,,,,,,,,
HieloX4,ON,,web2.0calc,jointoucan.com,bradescoseguros.com.br,smartfitinc.com,squarespace.com,espm.br,disneyplus.com,,,,,,,,,,,,,,,,,,,,,,,,,,,,,,,,,,,,
HieloX4,ON,,Worldometers.info,espm.br,workable.com,heywise.com,bradescoseguros.com.br,espm.br,espm.br,adobe.com,espm.br,espm.br,workable.com,adobe.com,,,,,,,,,,,,,,,,,,,,,,,,,,,,,,,
HieloX4,OFF,,calculator-1,amigoconstrutor.com.br,amigoconstrutor.com.br,jeep.com,amigoconstrutor.com.br,jeep.com,therazorcompany.com,amigoconstrutor.com.br,jeep.com,therazorcompany.com,,,,,,,,,,,,,,,,,,,,,,,,,,,,,,,,,
HieloX4,OFF,,engineeringtoolbox.com,pipeflow.co.uk,keysight.com,pipeflow.co.uk,cabelodosonhos.com.br,pipeflow.co.uk,keysight.com,,,,,,,,,,,,,,,,,,,,,,,,,,,,,,,,,,,,
HieloX4,OFF,,files-conversion,umbler.com,samsung.com,umbler.com,cloudockit.com,umbler.com,nchsoftware.com,,,,,,,,,,,,,,,,,,,,,,,,,,,,,,,,,,,,
HieloX4,OFF,,Gmail ,cora.com.br,hyundaiusa.com,ladybug.com,,,,,,,,,,,,,,,,,,,,,,,,,,,,,,,,,,,,,,,
HieloX4,OFF,,imgbb.com,binance.com/en/nft,dreamstime.com,dreamstime.com,binance.com/en/nft,dreamstime.com,dreamstime.com,dreamstime.com,binance.com/en/nft,dreamstime.com,binance.com/en/nft,binance.com/en/nft,binance.com/en/nft,,,,,,,,,,,,,,,,,,,,,,,,,,,,,,
HieloX4,OFF,,onlinerekenmachine,shein.com,shein.com,shein.com,blowgummies.com.br,atlassian.com,atlassian.com,atlassian.com,atlassian.com,atlassian.com,,,,,,,,,,,,,,,,,,,,,,,,,,,,,,,,,
HieloX4,OFF,,web2.0calc,mpowerfinancing.com,bradescoseguros.com.br,binance.com/en/nft,bradescoseguros.com.br,mpowerfinancing.com,bradescoseguros.com.br,,,,,,,,,,,,,,,,,,,,,,,,,,,,,,,,,,,,
HieloX4,OFF,,Worldometers.info,binance.com/en/nft,binance.com/en/nft,binance.com/en/nft,bradescoseguros.com.br,jeep.com,hotjar.com,bradescoseguros.com.br,jeep.com,hotjar.com,,,,,,,,,,,,,,,,,,,,,,,,,,,,,,,,,
Member_9265633854,ON,,calculator-1,adobe.com,dynatrace.com,fiat.com,booking.com,dynatrace.com,ispe.org,latamairlines.com,,,,,,,,,,,,,,,,,,,,,,,,,,,,,,,,,,,
Member_9265633854,ON,,engineeringtoolbox.com,visa.com,mokotechnology.com,melia.com,mokotechnology.com,mokotechnology.com,,,,,,,,,,,,,,,,,,,,,,,,,,,,,,,,,,,,,
Member_9265633854,ON,,files-conversion,visa.com,voegol.com.br,voegol.com.br,dynatrace.com,,,,,,,,,,,,,,,,,,,,,,,,,,,,,,,,,,,,,,
Member_9265633854,ON,,Gmail ,tiktok.com,cora.com.br,santander.com.br,cartaoatacadao.com.br,,,,,,,,,,,,,,,,,,,,,,,,,,,,,,,,,,,,,,
Member_9265633854,ON,,imgbb.com,adobe.com,adobe.com,123milhas.com,adobe.com,123milhas.com,coca-colacompany.com,coca-colacompany.com,adobe.com,123milhas.com,adobe.com,,,,,,,,,,,,,,,,,,,,,,,,,,,,,,,,
Member_9265633854,ON,,iplocation.net,,,,,,,,,,,,,,,,,,,,,,,,,,,,,,,,,,,,,,,,,,
Member_9265633854,ON,,onlinerekenmachine,adobe.com,adobe.com,vivo.com.br,trivago.com,adobe.com,formula-x.co,adobe.com,adobe.com,formula-x.co,,,,,,,,,,,,,,,,,,,,,,,,,,,,,,,,,
Member_9265633854,ON,,web2.0calc,fiat.com,dynatrace.com,latamairlines.com,booking.com,latamairlines.com,booking.com,,,,,,,,,,,,,,,,,,,,,,,,,,,,,,,,,,,,
Member_9265633854,ON,,Worldometers.info,adobe.com,adobe.com,starplus.com,dynatrace.com,fiat.com,fiat.com,godaddy.com,docebo.com,dynatrace.com,trivago.com,fiat.com,toptal.com,,,,,,,,,,,,,,,,,,,,,,,,,,,,,,
Member_9265633854,OFF,,calculator-1,carolinaherrera.com,carolinaherrera.com,kaspersky.com,carolinaherrera.com,carolinaherrera.com,brasildecoracao.com,fiat.com,fiat.com,portal.fmu.br,,,,,,,,,,,,,,,,,,,,,,,,,,,,,,,,,
Member_9265633854,OFF,,engineeringtoolbox.com,mokotechnology.com,mokotechnology.com,mokotechnology.com,mokotechnology.com,mokotechnology.com,mokotechnology.com,,,,,,,,,,,,,,,,,,,,,,,,,,,,,,,,,,,,
Member_9265633854,OFF,,files-conversion,latamairlines.com,123milhas.com,squarespace.com,voegol.com.br,pilao.com.br,,,,,,,,,,,,,,,,,,,,,,,,,,,,,,,,,,,,,
Member_9265633854,OFF,,Gmail ,tiktok.com,artex.com.br,123milhas.com,diariodacidadania.com,,,,,,,,,,,,,,,,,,,,,,,,,,,,,,,,,,,,,,
Member_9265633854,OFF,,imgbb.com,formula-x.co,voegol.com.br,123milhas.com,formula-x.co,coca-colacompany.com,123milhas.com,clubehu.com.br,voegol.com.br,coca-colacompany.com,voegol.com.br,123milhas.com,,,,,,,,,,,,,,,,,,,,,,,,,,,,,,,
Member_9265633854,OFF,,onlinerekenmachine,123milhas.com,vivo.com.br,vivo.com.br,123milhas.com,vivo.com.br,vivo.com.br,123milhas.com,dynatrace.com,latamairlines.com,,,,,,,,,,,,,,,,,,,,,,,,,,,,,,,,,
Member_9265633854,OFF,,web2.0calc,latamairlines.com,kaspersky.com,latamairlines.com,kaspersky.com,latamairlines.com,kaspersky.com,,,,,,,,,,,,,,,,,,,,,,,,,,,,,,,,,,,,
Member_9265633854,OFF,,Worldometers.info,melia.com,melia.com,fiat.com,godaddy.com,dynatrace.com,123milhas.com,toptal.com,fiat.com,godaddy.com,alura.io,123milhas.com,toptal.com,fiat.com,godaddy.com,alura.io,,,,,,,,,,,,,,,,,,,,,,,,,,,
Tigrito1501_vague,ON,,calculator-1,jointoucan.com,jointoucan.com,unity.com,jointoucan.com,jointoucan.com,jointoucan.com,jointoucan.com,jointoucan.com,jointoucan.com,,,,,,,,,,,,,,,,,,,,,,,,,,,,,,,,,
Tigrito1501_vague,ON,,engineeringtoolbox.com,jointoucan.com,pipeflow.co.uk,jointoucan.com,pipeflow.co.uk,pipeflow.co.uk,jointoucan.com,pipeflow.co.uk,pipeflow.co.uk,,,,,,,,,,,,,,,,,,,,,,,,,,,,,,,,,,
Tigrito1501_vague,ON,,files-conversion,jointoucan.com,unity.com,jointoucan.com,unity.com,jointoucan.com,unity.com,,,,,,,,,,,,,,,,,,,,,,,,,,,,,,,,,,,,
Tigrito1501_vague,ON,,Gmail ,jointoucan.com,facephi.com,,,,,,,,,,,,,,,,,,,,,,,,,,,,,,,,,,,,,,,,
Tigrito1501_vague,ON,,imgbb.com,kommo.com,godaddy.com,jeep.com,godaddy.com,kommo.com,slickdeals.net,bentley.com,bentley.com,slickdeals.net,bentley.com,kommo.com,,,,,,,,,,,,,,,,,,,,,,,,,,,,,,,
Tigrito1501_vague,ON,,iplocation.net,bentley.com,cloudinary.com,,,,,,,,,,,,,,,,,,,,,,,,,,,,,,,,,,,,,,,,
Tigrito1501_vague,ON,,onlinerekenmachine,jointoucan.com,atlassian.com,atlassian.com,atlismotorvehicles.com,atlismotorvehicles.com,atlismotorvehicles.com,atlismotorvehicles.com,atlassian.com,atlassian.com,,,,,,,,,,,,,,,,,,,,,,,,,,,,,,,,,
Tigrito1501_vague,ON,,web2.0calc,jointoucan.com,jointoucan.com,unity.com,jointoucan.com,jointoucan.com,,,,,,,,,,,,,,,,,,,,,,,,,,,,,,,,,,,,,
Tigrito1501_vague,ON,,Worldometers.info,bentley.com,bentley.com,jointoucan.com,squarespace.com,bentley.com,jointoucan.com,jointoucan.com,bentley.com,jointoucan.com,jointoucan.com,,,,,,,,,,,,,,,,,,,,,,,,,,,,,,,,
Tigrito1501_vague,OFF,,calculator-1,zulily.com,zulily.com,zulily.com,zulily.com,zulily.com,zulily.com,,,,,,,,,,,,,,,,,,,,,,,,,,,,,,,,,,,,
Tigrito1501_vague,OFF,,engineeringtoolbox.com,pipeflow.co.uk,pipeflow.co.uk,pipeflow.co.uk,pipeflow.co.uk,pipeflow.co.uk,binance.com/en/nft,pipeflow.co.uk,pipeflow.co.uk,binance.com/en/nft,,,,,,,,,,,,,,,,,,,,,,,,,,,,,,,,,
Tigrito1501_vague,OFF,,files-conversion,cube-soft.jp,binance.com/en/nft,cube-soft.jp,binance.com/en/nft,cube-soft.jp,binance.com/en/nft,,,,,,,,,,,,,,,,,,,,,,,,,,,,,,,,,,,,
Tigrito1501_vague,OFF,,Gmail ,jointoucan.com,facephi.com,condovive.com,,,,,,,,,,,,,,,,,,,,,,,,,,,,,,,,,,,,,,,
Tigrito1501_vague,OFF,,imgbb.com,binance.com/en/nft,binance.com/en/nft,binance.com/en/nft,binance.com/en/nft,binance.com/en/nft,grupoleti.com,binance.com/en/nft,binance.com/en/nft,binance.com/en/nft,binance.com/en/nft,binance.com/en/nft,binance.com/en/nft,,,,,,,,,,,,,,,,,,,,,,,,,,,,,,
Tigrito1501_vague,OFF,,onlinerekenmachine,jeep.com,atlismotorvehicles.com,binance.com/en/nft,binance.com/en/nft,binance.com/en/nft,atlismotorvehicles.com,,,,,,,,,,,,,,,,,,,,,,,,,,,,,,,,,,,,
Tigrito1501_vague,OFF,,web2.0calc,jointoucan.com,japanhousela.com,jointoucan.com,jointoucan.com,,,,,,,,,,,,,,,,,,,,,,,,,,,,,,,,,,,,,,
Tigrito1501_vague,OFF,,Worldometers.info,binance.com/en/nft,jointoucan.com,jointoucan.com,jointoucan.com,binance.com/en/nft,binance.com/en/nft,binance.com/en/nft,jointoucan.com,binance.com/en/nft,binance.com/en/nft,binance.com/en/nft,bentley.com,,,,,,,,,,,,,,,,,,,,,,,,,,,,,,
defrix,ON,,calculator-1,solarwinds.com,solarwinds.com,nespresso.com,nespresso.com,nespresso.com,solarwinds.com,solarwinds.com,solarwinds.com,adobe.com,,,,,,,,,,,,,,,,,,,,,,,,,,,,,,,,,
defrix,ON,,engineeringtoolbox.com,peptide.com,peptide.com,pipeflow.co.uk,peptide.com,peptide.com,pipeflow.co.uk,ads.google.com,medalkan.com,pipeflow.co.uk,,,,,,,,,,,,,,,,,,,,,,,,,,,,,,,,,
defrix,ON,,files-conversion,elements.envato.com,adobe.com,onbuka.com,coreldraw.com,onbuka.com,coreldraw.com,,,,,,,,,,,,,,,,,,,,,,,,,,,,,,,,,,,,
defrix,ON,,Gmail ,veeam.com,fxpro.com,youtube.com,bmwusa.com,,,,,,,,,,,,,,,,,,,,,,,,,,,,,,,,,,,,,,
defrix,ON,,imgbb.com,namecheap.com,namecheap.com,namecheap.com,namecheap.com,namecheap.com,namecheap.com,namecheap.com,namecheap.com,,,,,,,,,,,,,,,,,,,,,,,,,,,,,,,,,,
defrix,ON,,iplocation.net,,,,,,,,,,,,,,,,,,,,,,,,,,,,,,,,,,,,,,,,,,
defrix,ON,,onlinerekenmachine,coreldraw.com,bodor.com,iherb.com,coreldraw.com,bodor.com,,,,,,,,,,,,,,,,,,,,,,,,,,,,,,,,,,,,,
defrix,ON,,web2.0calc,exposedskincare.com,office.com,exposedskincare.com,exposedskincare.com,ads.google.com,ads.google.com,,,,,,,,,,,,,,,,,,,,,,,,,,,,,,,,,,,,
defrix,ON,,Worldometers.info,bodor.com,skrill.com,bodor.com,iherb.com,yoxo.ma,signistanbul.com,bodor.com,lws.fr,signistanbul.com,,,,,,,,,,,,,,,,,,,,,,,,,,,,,,,,,
Member_785468484,ON,,calculator-1,visiblealpha.com,visiblealpha.com,amazon.com/Prime-Video/b?node=2676882011,amazon.com/Prime-Video/b?node=2676882011,amazon.com/Prime-Video/b?node=2676882011,amazon.com/Prime-Video/b?node=2676882011,,,,,,,,,,,,,,,,,,,,,,,,,,,,,,,,,,,,
Member_785468484,ON,,engineeringtoolbox.com,triplebyte.com,kingston.com,merck.com,merck.com,merck.com,merck.com,,,,,,,,,,,,,,,,,,,,,,,,,,,,,,,,,,,,
Member_785468484,ON,,files-conversion,play.google.com,microsoft.com,microsoft.com,amazon.com/Prime-Video/b?node=2676882011,microsoft.com,adobe.com,,,,,,,,,,,,,,,,,,,,,,,,,,,,,,,,,,,,
Member_785468484,ON,,Gmail ,grammarly.com,mulesoft.com,coupa.com,,,,,,,,,,,,,,,,,,,,,,,,,,,,,,,,,,,,,,,
Member_785468484,ON,,imgbb.com,semrush.com,omen.com,semrush.com,omen.com,semrush.com,omen.com,semrush.com,omen.com,norton.com,omen.com,semrush.com,omen.com,,,,,,,,,,,,,,,,,,,,,,,,,,,,,,
Member_785468484,ON,,iplocation.net,semrush.com,slickdeals.net,,,,,,,,,,,,,,,,,,,,,,,,,,,,,,,,,,,,,,,,
Member_785468484,ON,,onlinerekenmachine,play.google.com,servicenow.com,jeep.com,sailpoint.com,sailpoint.com,sailpoint.com,,,,,,,,,,,,,,,,,,,,,,,,,,,,,,,,,,,,
Member_785468484,ON,,web2.0calc,kingston.com,grammarly.com,kingston.com,grammarly.com,jeep.com,grammarly.com,,,,,,,,,,,,,,,,,,,,,,,,,,,,,,,,,,,,
Member_785468484,ON,,Worldometers.info,copado.com,copado.com,copado.com,linkedin.com/products/linkedin-sales-navigator/,linkedin.com/products/linkedin-sales-navigator/,dell.com,copado.com,linkedin.com/products/linkedin-sales-navigator/,,,,,,,,,,,,,,,,,,,,,,,,,,,,,,,,,,
Member_785468484,OFF,,calculator-1,aspose.com,aspose.com,hdfc.com,hdfc.com,hdfc.com,hdfc.com,,,,,,,,,,,,,,,,,,,,,,,,,,,,,,,,,,,,
Member_785468484,OFF,,engineeringtoolbox.com,jlworld.com,kingston.com,microsoft.com,merck.com,adobe.com,godaddy.com,merck.com,triplebyte.com,,,,,,,,,,,,,,,,,,,,,,,,,,,,,,,,,,
Member_785468484,OFF,,files-conversion,microsoft.com,semrush.com,mediaget.com,adobe.com,microsoft.com,adobe.com,,,,,,,,,,,,,,,,,,,,,,,,,,,,,,,,,,,,
Member_785468484,OFF,,Gmail ,grammarly.com,maxlifeinsurance.com,iciciprulife.com,salesforce.com,,,,,,,,,,,,,,,,,,,,,,,,,,,,,,,,,,,,,,
Member_785468484,OFF,,imgbb.com,grammarly.com,sailpoint.com,norton.com,maccosmetics.com,adobe.com,,,,,,,,,,,,,,,,,,,,,,,,,,,,,,,,,,,,,
Member_785468484,OFF,,onlinerekenmachine,sailpoint.com,hdfc.com,jeep.com,hdfc.com,jeep.com,hdfc.com,hdfc.com,,,,,,,,,,,,,,,,,,,,,,,,,,,,,,,,,,,
Member_785468484,OFF,,web2.0calc,aspose.com,jeep.com,hpe.com,jeep.com,,,,,,,,,,,,,,,,,,,,,,,,,,,,,,,,,,,,,,
Member_785468484,OFF,,Worldometers.info,aspose.com,dell.com/en-us/gaming/alienware,adobe.com,dell.com/en-us/gaming/alienware,,,,,,,,,,,,,,,,,,,,,,,,,,,,,,,,,,,,,,
Member_2893961705,ON,,calculator-1,olibonepneus.com.br,dynatrace.com,intimus.com.br,dynatrace.com,dynatrace.com,,,,,,,,,,,,,,,,,,,,,,,,,,,,,,,,,,,,,
Member_2893961705,ON,,engineeringtoolbox.com,pipeflow.co.uk,aperam.com,nchsoftware.com,hrblock.com,hrblock.com,pipeflow.co.uk,merck.com,,,,,,,,,,,,,,,,,,,,,,,,,,,,,,,,,,,
Member_2893961705,ON,,files-conversion,play.google.com,hilton.com,salonline.com.br,salonline.com.br,salonline.com.br,salonline.com.br,,,,,,,,,,,,,,,,,,,,,,,,,,,,,,,,,,,,
Member_2893961705,ON,,Gmail ,unip.br,planoeplano.com.br,xpeducacao.com.br,,,,,,,,,,,,,,,,,,,,,,,,,,,,,,,,,,,,,,,
Member_2893961705,ON,,imgbb.com,datacamp.com,binance.com/en/nft,binance.com/en/nft,binance.com/en/nft,datacamp.com,hbomax.com,subway.com,subway.com,subway.com,subway.com,,,,,,,,,,,,,,,,,,,,,,,,,,,,,,,,
Member_2893961705,ON,,iplocation.net,,,,,,,,,,,,,,,,,,,,,,,,,,,,,,,,,,,,,,,,,,
Member_2893961705,ON,,onlinerekenmachine,play.google.com,binance.com/en/nft,binance.com/en/nft,acronis.com,binance.com/en/nft,binance.com/en/nft,acronis.com,microsoft.com,,,,,,,,,,,,,,,,,,,,,,,,,,,,,,,,,,
Member_2893961705,ON,,web2.0calc,quintoandar.com.br,quintoandar.com.br,quintoandar.com.br,xpeducacao.com.br,xpeducacao.com.br,,,,,,,,,,,,,,,,,,,,,,,,,,,,,,,,,,,,,
Member_2893961705,ON,,Worldometers.info,descomplica.com.br,binance.com/en/nft,binance.com/en/nft,descomplica.com.br,unip.br,cruzeirodosul.edu.br,descomplica.com.br,unip.br,cruzeirodosul.edu.br,,,,,,,,,,,,,,,,,,,,,,,,,,,,,,,,,
Member_2893961705,OFF,,calculator-1,cruzeirodosul.edu.br,portal.fmu.br,portal.fmu.br,yapay.com.br,portal.fmu.br,portal.fmu.br,olibonepneus.com.br,,,,,,,,,,,,,,,,,,,,,,,,,,,,,,,,,,,
Member_2893961705,OFF,,engineeringtoolbox.com,pipeflow.co.uk,binance.com/en/nft,pipeflow.co.uk,pipeflow.co.uk,pipeflow.co.uk,pipeflow.co.uk,pipeflow.co.uk,pipeflow.co.uk,pipeflow.co.uk,,,,,,,,,,,,,,,,,,,,,,,,,,,,,,,,,
Member_2893961705,OFF,,files-conversion,tbsiptv.com,binance.com/en/nft,binance.com/en/nft,famdvd.com.br,atlassian.com,binance.com/en/nft,,,,,,,,,,,,,,,,,,,,,,,,,,,,,,,,,,,,
Member_2893961705,OFF,,Gmail ,123milhas.com,kavak.com,dell.com,ipirangahusillos.com,,,,,,,,,,,,,,,,,,,,,,,,,,,,,,,,,,,,,,
Member_2893961705,OFF,,imgbb.com,binance.com/en/nft,mobil.com,binance.com/en/nft,verygoodsecurity.com,coca-colacompany.com,binance.com/en/nft,coca-colacompany.com,livelo.com.br,casasbahia.com.br,livelo.com.br,,,,,,,,,,,,,,,,,,,,,,,,,,,,,,,,
Member_2893961705,OFF,,onlinerekenmachine,opera.com,cruzeirodosul.edu.br,coca-colacompany.com,coca-colacompany.com,cruzeirodosul.edu.br,atlassian.com,,,,,,,,,,,,,,,,,,,,,,,,,,,,,,,,,,,,
Member_2893961705,OFF,,web2.0calc,pucrs.br,portal.fmu.br,samsung.com,salinas-rio.com.br,cruzeirodosul.edu.br,portal.fmu.br,,,,,,,,,,,,,,,,,,,,,,,,,,,,,,,,,,,,
Member_2893961705,OFF,,Worldometers.info,binance.com/en/nft,binance.com/en/nft,binance.com/en/nft,binance.com/en/nft,binance.com/en/nft,binance.com/en/nft,workable.com,aperam.com,decathlon.com,portal.fmu.br,samsung.com,,,,,,,,,,,,,,,,,,,,,,,,,,,,,,,
Georgiane,ON,,calculator-1,vboxautomotive.co.uk,binance.com/en/nft,binance.com/en/nft,binance.com/en/nft,binance.com/en/nft,binance.com/en/nft,,,,,,,,,,,,,,,,,,,,,,,,,,,,,,,,,,,,
Georgiane,ON,,engineeringtoolbox.com,peptide.com,merck.com,binance.com/en/nft,merck.com,pipeflow.co.uk,merck.com,,,,,,,,,,,,,,,,,,,,,,,,,,,,,,,,,,,,
Georgiane,ON,,files-conversion,creativitysoftware.net,syniverse.com,syniverse.com,syniverse.com,syniverse.com,syniverse.com,,,,,,,,,,,,,,,,,,,,,,,,,,,,,,,,,,,,
Georgiane,ON,,Gmail ,cora.com.br,,,,,,,,,,,,,,,,,,,,,,,,,,,,,,,,,,,,,,,,,
Georgiane,ON,,imgbb.com,binance.com/en/nft,binance.com/en/nft,binance.com/en/nft,binance.com/en/nft,binance.com/en/nft,binance.com/en/nft,binance.com/en/nft,binance.com/en/nft,binance.com/en/nft,,,,,,,,,,,,,,,,,,,,,,,,,,,,,,,,,
Georgiane,ON,,iplocation.net,crypto.com,crypto.com,amazon.com/Prime-Video/b?node=2676882011,ezoic.com,discoveryplus.com,amazon.com/Prime-Video/b?node=2676882011,ezoic.com,,,,,,,,,,,,,,,,,,,,,,,,,,,,,,,,,,,
Georgiane,ON,,onlinerekenmachine,vivo.com.br,microsoft.com,kalunga.com.br,binance.com/en/nft,,,,,,,,,,,,,,,,,,,,,,,,,,,,,,,,,,,,,,
Georgiane,ON,,web2.0calc,binance.com/en/nft,binance.com/en/nft,peugeot.com,,,,,,,,,,,,,,,,,,,,,,,,,,,,,,,,,,,,,,,
Georgiane,ON,,Worldometers.info,accenture.com,accenture.com,semrush.com,binance.com/en/nft,workable.com,accenture.com,totango.com,,,,,,,,,,,,,,,,,,,,,,,,,,,,,,,,,,,
Georgiane,OFF,,calculator-1,magazineluiza.com.br,magazineluiza.com.br,amazon.com/Prime-Video/b?node=2676882011,scantech.com,amazon.com/Prime-Video/b?node=2676882011,amazon.com/Prime-Video/b?node=2676882011,,,,,,,,,,,,,,,,,,,,,,,,,,,,,,,,,,,,
Georgiane,OFF,,engineeringtoolbox.com,pipeflow.co.uk,merck.com,geminibio.com,merck.com,aperam.com,merck.com,,,,,,,,,,,,,,,,,,,,,,,,,,,,,,,,,,,,
Georgiane,OFF,,files-conversion,postaffiliatepro.com,nchsoftware.com,nchsoftware.com,nchsoftware.com,,,,,,,,,,,,,,,,,,,,,,,,,,,,,,,,,,,,,,
Georgiane,OFF,,Gmail ,wework.com,uol.com.br,cora.com.br,,,,,,,,,,,,,,,,,,,,,,,,,,,,,,,,,,,,,,,
Georgiane,OFF,,imgbb.com,avast.com,adobe.com,hurb.com,avast.com,avast.com,avast.com,hurb.com,hurb.com,,,,,,,,,,,,,,,,,,,,,,,,,,,,,,,,,,
Georgiane,OFF,,onlinerekenmachine,shein.com,shein.com,vivo.com.br,shein.com,shein.com,palladiumhotelgroup.com,palladiumhotelgroup.com,,,,,,,,,,,,,,,,,,,,,,,,,,,,,,,,,,,
Georgiane,OFF,,web2.0calc,amazon.com/Prime-Video/b?node=2676882011,office.com,,,,,,,,,,,,,,,,,,,,,,,,,,,,,,,,,,,,,,,,
Georgiane,OFF,,Worldometers.info,amazon.com/Prime-Video/b?node=2676882011,shein.com,shein.com,amazon.com/Prime-Video/b?node=2676882011,shein.com,shein.com,shein.com,shein.com,shein.com,,,,,,,,,,,,,,,,,,,,,,,,,,,,,,,,,
Randy,ON,,calculator-1,overthereality.ai,overthereality.ai,overthereality.ai,overthereality.ai,,,,,,,,,,,,,,,,,,,,,,,,,,,,,,,,,,,,,,
Randy,ON,,engineeringtoolbox.com,binance.com/en/nft,binance.com/en/nft,,,,,,,,,,,,,,,,,,,,,,,,,,,,,,,,,,,,,,,,
Randy,ON,,files-conversion,binance.com/en/nft,binance.com/en/nft,binance.com/en/nft,,,,,,,,,,,,,,,,,,,,,,,,,,,,,,,,,,,,,,,
Randy,ON,,Gmail ,,,,,,,,,,,,,,,,,,,,,,,,,,,,,,,,,,,,,,,,,,
Randy,ON,,imgbb.com,binance.com/en/nft,binance.com/en/nft,binance.com/en/nft,binance.com/en/nft,binance.com/en/nft,binance.com/en/nft,binance.com/en/nft,binance.com/en/nft,,,,,,,,,,,,,,,,,,,,,,,,,,,,,,,,,,
Randy,ON,,iplocation.net,,,,,,,,,,,,,,,,,,,,,,,,,,,,,,,,,,,,,,,,,,
Randy,ON,,onlinerekenmachine,binance.com/en/nft,overthereality.ai,overthereality.ai,binance.com/en/nft,overthereality.ai,binance.com/en/nft,binance.com/en/nft,overthereality.ai,binance.com/en/nft,,,,,,,,,,,,,,,,,,,,,,,,,,,,,,,,,
Randy,ON,,web2.0calc,overthereality.ai,binance.com/en/nft,overthereality.ai,binance.com/en/nft,,,,,,,,,,,,,,,,,,,,,,,,,,,,,,,,,,,,,,
Randy,ON,,Worldometers.info,binance.com/en/nft,binance.com/en/nft,binance.com/en/nft,overthereality.ai,binance.com/en/nft,overthereality.ai,binance.com/en/nft,binance.com/en/nft,binance.com/en/nft,binance.com/en/nft,binance.com/en/nft,binance.com/en/nft,,,,,,,,,,,,,,,,,,,,,,,,,,,,,,
wetransfer,ON,,calculator-1,shopify.com,clevertap.com,elements.envato.com,elements.envato.com,elements.envato.com,elements.envato.com,elements.envato.com,,,,,,,,,,,,,,,,,,,,,,,,,,,,,,,,,,,
wetransfer,ON,,engineeringtoolbox.com,ametek.com,grammarly.com,sparkhire.com,grammarly.com,hardoxwearparts.com,grammarly.com,,,,,,,,,,,,,,,,,,,,,,,,,,,,,,,,,,,,
wetransfer,ON,,files-conversion,elements.envato.com,elements.envato.com,elements.envato.com,elements.envato.com,elements.envato.com,elements.envato.com,,,,,,,,,,,,,,,,,,,,,,,,,,,,,,,,,,,,
wetransfer,ON,,Gmail ,simplilearn.com,grammarly.com,infosectrain.com,octafx.com,,,,,,,,,,,,,,,,,,,,,,,,,,,,,,,,,,,,,,
wetransfer,ON,,imgbb.com,elements.envato.com,elements.envato.com,elements.envato.com,componentsearchengine.com,elements.envato.com,elements.envato.com,elements.envato.com,componentsearchengine.com,componentsearchengine.com,componentsearchengine.com,componentsearchengine.com,elements.envato.com,,,,,,,,,,,,,,,,,,,,,,,,,,,,,,
wetransfer,ON,,iplocation.net,,,,,,,,,,,,,,,,,,,,,,,,,,,,,,,,,,,,,,,,,,
wetransfer,ON,,onlinerekenmachine,elements.envato.com,elements.envato.com,elements.envato.com,elements.envato.com,elements.envato.com,elements.envato.com,elements.envato.com,elements.envato.com,elements.envato.com,,,,,,,,,,,,,,,,,,,,,,,,,,,,,,,,,
wetransfer,ON,,web2.0calc,The Arecibo Antenna By Helias Doundoulakis (Book),The Arecibo Antenna By Helias Doundoulakis (Book),The Arecibo Antenna By Helias Doundoulakis (Book),,,,,,,,,,,,,,,,,,,,,,,,,,,,,,,,,,,,,,,
wetransfer,ON,,Worldometers.info,document360.com,giftsbyrashi.com,giftsbyrashi.com,giftsbyrashi.com,secureteam.net,hear.com,giftsbyrashi.com,giftsbyrashi.com,secureteam.net,giftsbyrashi.com,giftsbyrashi.com,giftsbyrashi.com,,,,,,,,,,,,,,,,,,,,,,,,,,,,,,
